לאבוד;אבד;verb;пааль;потеряться, пропасть
להיאבד;אבד;verb;нифъаль;быть потерянным, пропасть
לאבד;אבד;verb;пиэль;потерять, погубить
להתאבד;אבד;verb;hитпаэль;покончить самоубийством
להאביד;אבד;verb;hифъиль;уничтожить, полностью разрушить
לאבחן;אבחן;verb;пиэль;диагностировать, устанавливать
לאבטח;אבטח;verb;пиэль;охранять, обеспечивать безопасность
לאבות;אבה;verb;пааль;желать, хотеть 
לאבול;אבל;verb;пааль;скорбеть по комулибо , быть в трауре 
להתאבל;אבל;verb;hитпаэль;скорбеть, оплакивать 
להתאבן;אבן;verb;hитпаэль;окаменеть
לאבן;אבן;verb;пиэль;превратить в камень обездвижить, оглушить
להאביס;אבס;verb;hифъиль;кормить 
להיאבק;אבק;verb;нифъаль;бороться
לאבק;אבק;verb;пиэль;растирать в пыль
להתאבק;אבק;verb;hитпаэль;бороться
להתאבק;אבק;verb;hитпаэль;покрываться пылью
להאביק;אבק;verb;hифъиль;опылять
לאגוד;אגד;verb;пааль;связывать  соединять
לאגד;אגד;verb;пиэль;связывать, объединять
להיאגד;אגד;verb;нифъаль;быть связанным, соединенным
להתאגד;אגד;verb;hитпаэль;объединяться, образовывать союз
לאגוף;אגף;verb;пааль;обходить с фланга
לאגף;אגף;verb;пиэль;обходить с фланга
לאגור;אגר;verb;пааль;скапливать, запасать
להתאגרף;אגרף;verb;hитпаэль;боксировать
להתאדות;אדה;verb;hитпаэль;испариться исчезнуть
לאדות;אדה;verb;пиэль;испарять тушить, готовить на пару
להאדים;אדם;verb;hифъиль;краснеть
לאהוב;אהב;verb;пааль;любить
להתאהב;אהב;verb;hитпаэль;влюбляться 
להיאהב;אהב;verb;нифъаль;быть любимым
לאהוד;אהד;verb;пааль;симпатизировать , болеть 
לאהוה;אהה;verb;пааль;выть, кричать 
להאיט;אוט;verb;hифъиль;замедлять
לאוות;אוה;verb;пиэль;желать 
להתאוות;אוה;verb;hитпаэль;страстно желать  
לאוץ;אוץ;verb;пааль;мчаться, спешить
להאיץ;אוץ;verb;hифъиль;торопить, ускорять, подгонять
להאיר;אור;verb;hифъиль;освещать, светить
לאוורר;אורר;verb;пиэль;проветривать, вентилировать
להתאוורר;אורר;verb;hитпаэль;проветриваться, вентилироваться
לאוושש;אושש;verb;пиэль;шелестеть 
להיאות;אות;verb;нифъаль;согласиться, соответствовать
לאותת;אות;verb;пиэль;подавать знак, сигнализировать
לאזכר;אזכר;verb;пиэль;упомянуть, сослаться
לאזול;אזל;verb;пааль;кончаться, иссякать, исчезать
להאזין;אזן;verb;hифъиль;слушать , внимать
לאזן;אזן;verb;пиэль;уравновешивать
להתאזן;אזן;verb;hитпаэль;уравновешиваться
לאזוק;אזק;verb;пааль;надеть наручники на коголибо 
להתאזר;אזר;verb;hитпаэль;опоясываться
לאזור;אזר;verb;пааль;опоясывать
לאחד;אחד;verb;пиэль;объединять
להתאחד;אחד;verb;hитпаэль;объединяться
להאחיד;אחד;verb;hифъиль;унифицировать, объединять
לאחוז;אחז;verb;пааль;схватить, держать за 
להיאחז;אחז;verb;нифъаль;держаться за 
לאחות;אחה;verb;пиэль;сшивать объединять 
להתאחות;אחה;verb;hитпаэль;срастаться, заживать  объединяться
לאחל;אחל;verb;пиэль;пожелать , поздравить
לאחסן;אחסן;verb;пиэль;хранить, складировать
לאחר;אחר;verb;пиэль;опоздать, задержаться
להתאחר;אחר;verb;hитпаэль;опаздывать, запаздывать
להאט;אטט;verb;hифъиль;замедлять, замедляться
לאטום;אטם;verb;пааль;закупорить, загерметизировать
להיאטם;אטם;verb;нифъаль;быть заткнутым, закупоренным
לאייד;איד;verb;пиэль;испарять, превращать в пар, выпаривать
לאיים;אים;verb;пиэль;угрожать комулибо 
לאיין;אין;verb;пиэль;ликвидировать, уничтожить
לאייר;איר;verb;пиэль;иллюстрировать
לאייש;איש;verb;пиэль;укомплектовать персоналом
לאיית;אית;verb;пиэль;произнести по буквам
לאכזב;אכזב;verb;пиэль;разочаровать
להתאכזב;אכזב;verb;hитпаэль;разочаровываться
להתאכזר;אכזר;verb;hитпаэль;ожесточаться, относиться к жестокостью 
לאכול;אכל;verb;пааль;есть
להיאכל;אכל;verb;нифъаль;быть съеденным
לאכל;אכל;verb;пиэль;разъедать, травить
להאכיל;אכל;verb;hифъиль;кормить 
לאכלס;אכלס;verb;пиэль;заселять
לאכסן;אכסן;verb;пиэль;временно вселить
להתאכסן;אכסן;verb;hитпаэль;временно поселиться
לאכוף;אכף;verb;пааль;заставлять, принуждать
להיאכף;אכף;verb;нифъаль;быть принужденным
לאלחש;אלחש;verb;пиэль;анестезировать, обезболивать
להיאלם;אלם;verb;нифъаль;онеметь, лишиться дара речи
להתאלמן;אלמן;verb;hитпаэль;овдоветь
לאלף;אלף;verb;пиэль;дрессировать
להיאלץ;אלץ;verb;нифъаль;быть вынужденным
לאלץ;אלץ;verb;пиэль;вынуждать, принуждать
לאלתר;אלתר;verb;пиэль;импровизировать
לאמוד;אמד;verb;пааль;оценивать, прикидывать
להיאמד;אמד;verb;нифъаль;быть оцененным
לאמלל;אמלל;verb;пиэль;огорчить, сделать несчастным
להיאמן;אמן;verb;нифъаль;быть верным 
להאמין;אמן;verb;hифъиль;верить , верить, доверять 
להתאמן;אמן;verb;hитпаэль;тренироваться, упражняться
לאמן;אמן;verb;пиэль;тренировать
לאמץ;אמץ;verb;пиэль;усыновить поддержать, подбодрить
להתאמץ;אמץ;verb;hитпаэль;прилагать усилия
לאמוץ;אמץ;verb;пааль;быть смелым, стойким 
להיאמר;אמר;verb;нифъаль;быть сказанным
להאמיר;אמר;verb;hифъиль;расти, подниматься, увеличиваться
לומר;אמר;verb;пааль;сказать 
לאמת;אמת;verb;пиэль;подтверждать, удостоверять
להתאמת;אמת;verb;hитпаэль;подтверждаться
להיאמר;אמר;verb;нифъаль;быть сказанным
להאמיר;אמר;verb;hифъиль;расти, подниматься, увеличиваться
להיאנח;אנח;verb;нифъаль;вздыхать, стонать
להתאנח;אנח;verb;hитпаэль;стонать
לאנות;אנה;verb;пиэль;вызвать чтолибо 
להתאונן;אנן;verb;hитпаэль;жаловаться, плакаться
לאונן;אנן;verb;пиэль;мастурбировать лениться, околачиваться 
לאנוס;אנס;verb;пааль;изнасиловать
להיאנס;אנס;verb;нифъаль;быть изнасилованным
להיאנק;אנק;verb;нифъаль;стонать от боли
להתאסלם;אסלם;verb;hитпаэль;принимать ислам
להיאסף;אסף;verb;нифъаль;быть собранным, коллекционироваться
להתאסף;אסף;verb;hитпаэль;собраться
לאסוף;אסף;verb;пааль;собирать
להיאסר;אסר;verb;нифъаль;быть заключенным, запрещенным
לאסור;אסר;verb;пааль;запрещать помещать в тюрьму
להיאפות;אפה;verb;нифъаль;быть испеченным
לאפות;אפה;verb;пааль;печь
לאפיין;אפין;verb;пиэль;характеризовать, давать характеристику
להתאפיין;אפין;verb;hитпаэль;характеризоваться
להאפיל;אפל;verb;hифъиль;темнить, скрывать 
לאפנן;אפנן;verb;пиэль;модулировать
לאפוס;אפס;verb;пааль;кончаться, иссякать 
לאפס;אפס;verb;пиэль;обнулять
להתאפס;אפס;verb;hитпаэль;прийти в себя  быть откалиброванным 
לאפוף;אפף;verb;пааль;обволакивать
להתאפק;אפק;verb;hитпаэль;удерживаться, сдерживаться, крепиться
להאפיר;אפר;verb;hифъиль;посереть, стать серым сделать серым
לאפר;אפר;verb;пиэль;гримировать
להתאפר;אפר;verb;hитпаэль;гримироваться
להתאפשר;אפשר;verb;hитпаэль;стать возможным
לאפשר;אפשר;verb;пиэль;предоставлять возможность, делать возможным
להאציל;אצל;verb;hифъиль;передавать полномочия
לאצור;אצר;verb;пааль;собирать, держать, запасать
להתאקלם;אקלם;verb;hитпаэль;акклиматизироваться
לארוב;ארב;verb;пааль;устроить засаду комул 
לארוג;ארג;verb;пааль;ткать
להיארג;ארג;verb;нифъаль;быть сотканным
לארגן;ארגן;verb;пиэль;организовывать
להתארגן;ארגן;verb;hитпаэль;быть организованным
לארוז;ארז;verb;пааль;упаковывать, связывать
להיארז;ארז;verb;нифъаль;быть упакованным
לארח;ארח;verb;пиэль;принимать гостей
להתארח;ארח;verb;hитпаэль;быть в гостях
לארות;ארה;verb;пааль;собирать  
לארוך;ארך;verb;пааль;длиться
להאריך;ארך;verb;hифъиль;продлевать, удлинять
להתארך;ארך;verb;hитпаэль;удлиняться, длиться
להתארס;ארס;verb;hитпаэль;обручиться, совершить помолвку
לארס;ארס;verb;пиэль;помолвить, обручить
לארע;ארע;verb;пиэль;случаться, происходить
להאריק;ארק;verb;hифъиль;заземлить
לארר;ארר;verb;пиэль;проклинать 
לאור;ארר;verb;пааль;проклинать 
להאשים;אשם;verb;hифъиль;обвинять
להיאשם;אשם;verb;нифъаль;быть обвиняемым 
לאשום;אשם;verb;пааль;грешить, быть виновным 
לאשפז;אשפז;verb;пиэль;госпитализировать
להתאשפז;אשפז;verb;hитпаэль;лечь в больницу
לאשר;אשר;verb;пиэль;подтверждать, утверждать, санкционировать
להתאושש;אשש;verb;hитпаэль;восстановиться, воспрянуть
לאושש;אשש;verb;пиэль;подбадривать, приводить в чувство
לאשש;אשש;verb;пиэль;придать силы, укрепить обосновать
להתאושש;אשש;verb;hитпаэль;прийти в себя, приободриться
לאתגר;אתגר;verb;пиэль;бросать вызов 
לאתחל;אתחל;verb;пиэль;перезагрузить, запустить 
לאתר;אתר;verb;пиэль;найти, обнаружить, установить местоположение
לבאס;באס;verb;пиэль;расстроить, раздосадовать 
להתבאס;באס;verb;hитпаэль;быть расстроенным, раздосадованным 
לבאר;באר;verb;пиэль;объяснять, истолковывать
להתבאר;באר;verb;hитпаэль;проясниться, стать понятным
לבאוש;באש;verb;пааль;гнить, испускать зловоние 
להיבגד;בגד;verb;нифъаль;быть обманутым, преданным
לבגוד;בגד;verb;пааль;изменять, предавать 
להתבגר;בגר;verb;hитпаэль;возмужать, взрослеть
לבגור;בגר;verb;пааль;повзрослеть, стать взрослым
לבדוא;בדא;verb;пааль;выдумывать
לבודד;בדד;verb;пиэль;обособлять, изолировать
להתבודד;בדד;verb;hитпаэль;уединяться
לבדד;בדד;verb;пиэль;изолировать 
לבדח;בדח;verb;пиэль;развлекать
להתבדח;בדח;verb;hитпаэль;шутить, веселиться
לבדות;בדה;verb;пааль;выдумывать
להיבדות;בדה;verb;нифъаль;быть выдуманным
לבדות;בדה;verb;пиэль;выдумывать 
להיבדל;בדל;verb;нифъаль;быть отделенным, отличаться
להבדיל;בדל;verb;hифъиль;разделять, различать
לבדל;בדל;verb;пиэль;изолировать, отделять
להתבדל;בדל;verb;hитпаэль;отличаться держаться в стороне
לבדוק;בדק;verb;пааль;проверять
להיבדק;בדק;verb;нифъаль;проверяться, обследоваться
לבדר;בדר;verb;пиэль;развлекать, смешить
להתבדר;בדר;verb;hитпаэль;развлекаться
לבהות;בהה;verb;пааль;уставиться, смотреть  
להיבהל;בהל;verb;нифъаль;пугаться, паниковать
להבהיל;בהל;verb;hифъиль;спугнуть, испугать
להבהיל;בהל;verb;hифъиль;срочно доставить 
לבהול;בהל;verb;пааль;пугаться 
לבהוק;בהק;verb;пааль;блестеть
להבהיק;בהק;verb;hифъиль;сиять, сверкать
להתבהר;בהר;verb;hитпаэль;проясниться, выясниться
להבהיר;בהר;verb;hифъиль;объяснять, прояснять
לבוא;בוא;verb;пааль;приходить
להביא;בוא;verb;hифъиль;приводить, приносить
לבוז;בוז;verb;пааль;презирать коголибо 
להביך;בוך;verb;hифъиль;смущать, запутывать
להיבוך;בוך;verb;нифъаль;быть смущенным, смутиться
להתבוסס;בוס;verb;hитпаэль;валяться 
להביס;בוס;verb;hифъиль;наносить поражение
לבושש;בוש;verb;пиэль;опаздывать, задерживаться
לבוש;בוש;verb;пааль;стыдиться
לבזבז;בזבז;verb;пиэль;растрачивать
להתבזבז;בזבז;verb;hитпаэль;растрачиваться, тратиться
לבזוז;בזז;verb;пааль;грабить, мародерствовать
לבזות;בזה;verb;пиэль;оскорблять, унижать
להתבזות;בזה;verb;hитпаэль;унижаться, позориться
לבזוק;בזק;verb;пааль;разбрызгивать, насыпать
להבזיק;בזק;verb;hифъиль;сверкнуть, блеснуть
לבזר;בזר;verb;пиэль;распылять, децентрализовать
לבחול;בחל;verb;пааль;испытывать отвращение к 
להבחיל;בחל;verb;hифъиль;вызывать отвращение, пугать
לבחון;בחן;verb;пааль;проверять, экзаменовать
להבחין;בחן;verb;hифъиль;обнаруживать, различать, замечать 
להיבחן;בחן;verb;нифъаль;экзаменоваться
לבחור;בחר;verb;пааль;выбирать
להיבחר;בחר;verb;нифъаль;быть избранным, выбранным
לבחוש;בחש;verb;пааль;размешивать, помешивать, мешать
להתבטא;בטא;verb;hитпаэль;выражаться, высказываться
לבטא;בטא;verb;пиэль;произносить, выражать
לבטוח;בטח;verb;пааль;полагаться, доверять, уповать на чтолибо 
לבטח;בטח;verb;пиэль;страховать
להבטיח;בטח;verb;hифъиль;обещать
לבטל;בטל;verb;пиэль;аннулировать, отменять
להתבטל;בטל;verb;hитпаэль;бездействовать, бездельничать
לבטול;בטל;verb;пааль;прекращаться, исчезать 
להתבטל;בטל;verb;hитпаэль;аннулироваться, отменяться унижаться бездельничать
לבייל;ביל;verb;пиэль;наклеивать марки
לביים;בים;verb;пиэль;ставить спектакль, режиссировать
להבין;בין;verb;hифъиль;понимать
לבונן;בין;verb;пиэль;наблюдать, бдеть
לביין;בין;verb;пиэль;интерполировать 
להתבונן;בין;verb;hитпаэль;смотреть, вглядываться 
לבייץ;ביץ;verb;пиэль;овулировать  добавлять яичный белок 
להתבייש;ביש;verb;hитпаэль;стыдиться
לבייש;ביש;verb;пиэль;стыдить, срамить
להתביית;בית;verb;hитпаэль;одомашниваться, приручаться наводиться на цель 
לביית;בית;verb;пиэль;приручить, одомашнить
לבכות;בכה;verb;пааль;плакать
לבכות;בכה;verb;пиэль;оплакивать
להתבכיין;בכין;verb;hитпаэль;ныть, жаловаться
להבכיר;בכר;verb;hифъиль;рано созревать давать первые плоды рожать впервые
לבלבל;בלבל;verb;пиэль;путать
להתבלבל;בלבל;verb;hитпаэль;запутаться, смутиться
להבליג;בלג;verb;hифъиль;удержаться, сдержаться 
לבלגן;בלגן;verb;пиэль;внести беспорядок 
להבליח;בלח;verb;hифъиль;мелькать
לבלוט;בלט;verb;пааль;быть выпуклым, выпячиваться
להבליט;בלט;verb;hифъиль;выделять, подчеркивать
להתבלט;בלט;verb;hитпаэль;выделяться, выпячиваться
להתבלות;בלה;verb;hитпаэль;ветшать, изнашиваться
לבלות;בלה;verb;пааль;обветшать, износиться
לבלות;בלה;verb;пиэль;тратить, изнашивать хорошо проводить время
להתבולל;בלל;verb;hитпаэль;ассимилироваться
לבלול;בלל;verb;пааль;смешивать, размешивать
להיבלם;בלם;verb;нифъаль;затормаживаться, быть заторможенным
לבלום;בלם;verb;пааль;тормозить, задерживать
לבלוע;בלע;verb;пааль;глотать
להיבלע;בלע;verb;нифъаль;проглатываться, исчезать
לבלף;בלף;verb;пиэль;блефовать, обманывать 
לבלוש;בלש;verb;пааль;расследовать, следить за кемлибо 
לבנות;בנה;verb;пааль;строить
להיבנות;בנה;verb;нифъаль;быть построенным
להבנות;בנה;verb;hифъиль;структурировать
לבסס;בסס;verb;пиэль;базировать, основывать
להתבסס;בסס;verb;hитпаэль;укрепиться, основываться
לבעבע;בעבע;verb;пиэль;пузыриться
לבעוט;בעט;verb;пааль;пинать, лягать
להיבעט;בעט;verb;нифъаль;быть ударенным ногой, получить пинок
להיבעות;בעה;verb;нифъаль;оказаться, открыться 
לבעול;בעל;verb;пааль;вступить в половое сношение с женщиной 
לבעור;בער;verb;пааль;гореть
להבעיר;בער;verb;hифъиль;поджигать
לבער;בער;verb;пиэль;уничтожить, выжечь, зачистить
להיבעת;בעת;verb;нифъаль;ужасаться 
להבעית;בעת;verb;hифъиль;ужаснуть, напугать, перепугать
לבצבץ;בצבץ;verb;пиэль;виднеться, проступать
לבצע;בצע;verb;пиэль;исполнять, выполнять
להתבצע;בצע;verb;hитпаэль;исполняться, выполняться
לבצוע;בצע;verb;пааль;нарезать  
לבצר;בצר;verb;пиэль;укреплять, сооружать укрепления
להתבצר;בצר;verb;hитпаэль;укрепиться, забаррикадироваться
להיבצר;בצר;verb;нифъаль;быть невозможным для 
לבצור;בצר;verb;пааль;собирать 
לבקוע;בקע;verb;пааль;лопнуть, прорезаться
לבקע;בקע;verb;пиэль;рассекать, прорывать
להיבקע;בקע;verb;нифъаль;раскалываться
להתבקע;בקע;verb;hитпаэль;раскалываться, лопаться
להבקיע;בקע;verb;hифъиль;прорываться, проникать, забить гол
לבקר;בקר;verb;пиэль;посещать  критиковать 
לבקש;בקש;verb;пиэль;просить, искать
להתבקש;בקש;verb;hитпаэль;требоваться
לברוא;ברא;verb;пааль;творить, создавать
להיברא;ברא;verb;нифъаль;быть сотворенным
להבריא;ברא;verb;hифъиль;выздоравливать, оздоровлять
לברא;ברא;verb;пиэль;очищать от леса, рубить лес 
לברבר;ברבר;verb;пиэль;трепаться, болтать
להתברבר;ברבר;verb;hитпаэль;запутаться, заблудиться
להבריג;ברג;verb;hифъиль;завинчивать
להתברג;ברג;verb;hитпаэль;ввинчиваться, проникнуть
להבריז;ברז;verb;hифъиль;отлынивать, прогуливать 
לברוח;ברח;verb;пааль;убегать, удирать
להבריח;ברח;verb;hифъиль;переправлять тайком прогонять
להתבריין;ברין;verb;hитпаэль;обижать коголибо 
לברך;ברך;verb;пиэль;благословлять, поздравлять, приветствовать
להתברך;ברך;verb;hитпаэль;быть благословенным
להבריק;ברק;verb;hифъиль;начищать до блеска сверкать
לברוק;ברק;verb;пааль;сиять, сверкать 
לברר;ברר;verb;пиэль;выяснять
להתברר;ברר;verb;hитпаэль;выясняться
לבור;ברר;verb;пааль;выбирать
מוברר;ברר;verb;hуфъаль;быть разъясннным, объясннным
להבריש;ברש;verb;hифъиль;чистить щеткой
לבשול;בשל;verb;пааль;созревать, поспевать
לבשל;בשל;verb;пиэль;варить, готовить
להבשיל;בשל;verb;hифъиль;созревать
להתבשל;בשל;verb;hитпаэль;свариться
לבשם;בשם;verb;пиэль;надушить 
להתבשם;בשם;verb;hитпаэль;надушиться духами
לבשר;בשר;verb;пиэль;извещать, сообщать
להתבשר;בשר;verb;hитпаэль;получить известие
לבתק;בתק;verb;пиэль;разрубать протыкать
לבתר;בתר;verb;пиэль;рассекать, разрезать
לגאות;גאה;verb;пааль;вздыматься
להתגאות;גאה;verb;hитпаэль;гордиться чемлибо 
לגאול;גאל;verb;пааль;спасать, избавлять
להיגאל;גאל;verb;нифъаль;спастись, освободиться
לגבב;גבב;verb;пиэль;сгребать, нагромождать
לגבוה;גבה;verb;пааль;быть высоким, возвышаться
להגביה;גבה;verb;hифъиль;поднимать, повышать
לגבות;גבה;verb;пааль;взимать деньги, плату
לגבות;גבה;verb;пиэль;оказывать поддержку, делать резервную копию
להיגבות;גבה;verb;нифъаль;быть взысканным
להגביל;גבל;verb;hифъиль;ограничивать
לגבול;גבל;verb;пааль;граничить с 
לגבל;גבל;verb;пиэль;замешивать, перемешивать 
לגבס;גבס;verb;пиэль;загипсовать
לגבור;גבר;verb;пааль;усиливаться пересилить коголибо 
להגביר;גבר;verb;hифъиль;усиливать
להתגבר;גבר;verb;hитпаэль;превозмогать, преодолевать 
לגבש;גבש;verb;пиэль;кристаллизовать, сплотить
להתגבש;גבש;verb;hитпаэль;кристаллизоваться, сплотиться
לגגל;גגל;verb;пиэль;искать в , гуглить 
להתגודד;גדד;verb;hитпаэль;толпиться, собираться группами
לגדוד;גדד;verb;пааль;собирать 
להגדיל;גדל;verb;hифъиль;увеличивать
לגדול;גדל;verb;пааль;расти, увеличиваться
לגדל;גדל;verb;пиэль;растить
לגדום;גדם;verb;пааль;отрубать, отрезать
להיגדם;גדם;verb;нифъаль;быть обрезанным, укороченным
לגדוע;גדע;verb;пааль;срубать, отрубить
לגדף;גדף;verb;пиэль;бранить, оскорблять
לגדר;גדר;verb;пиэль;огораживать
להגדיר;גדר;verb;hифъиль;определять, давать определение
לגדור;גדר;verb;пааль;огораживать 
להתגדר;גדר;verb;hитпаэль;ограничиваться чемлибо  
להגדיש;גדש;verb;hифъиль;переполнить
להגדיש;גדש;verb;hифъиль;переполнять 
לגדוש;גדש;verb;пааль;переполнять, залить
לגהץ;גהץ;verb;пиэль;гладить, утюжить
לגהק;גהק;verb;пиэль;рыгать
לגהור;גהר;verb;пааль;наклоняться, нагибаться падать ниц
להגיב;גוב;verb;hифъиль;реагировать на чтолибо 
להיגוז;גוז;verb;нифъаль;исчезнуть, улетучиться 
לגוון;גון;verb;пиэль;разнообразить, придавать оттенки
לגווע;גוע;verb;пааль;испускать дух, умирать
להגיף;גוף;verb;hифъиль;закрыть, запереть 
לגור;גור;verb;пааль;жить , проживать
להתגורר;גור;verb;hитпаэль;жить , проживать, обитать
לגזוז;גזז;verb;пааль;стричь, состригать
להיגזז;גזז;verb;нифъаль;быть состриженным
לגזול;גזל;verb;пааль;насильственно лишать, отнимать
להיגזל;גזל;verb;нифъаль;быть отнятым, отобранным
לגזום;גזם;verb;пааль;подстригать ветки, траву
להיגזם;גזם;verb;нифъаль;быть подстриженным 
להגזים;גזם;verb;hифъиль;преувеличивать
להיגזר;גזר;verb;нифъаль;быть отрезанным, установленным
לגזור;גזר;verb;пааль;отрезать, вырезать приговорить
לגחוך;גחך;verb;пааль;усмехаться, ухмыляться 
לגחך;גחך;verb;пиэль;усмехаться, ухмыляться
להגחיך;גחך;verb;hифъиль;выставить на посмешище
לגחול;גחל;verb;пааль;гореть 
לגחון;גחן;verb;пааль;согнуться, накрениться
להגיח;גיח;verb;hифъиль;примчаться, внезапно выскочить
לגיח;גיח;verb;пааль;выскочить, внезапно появиться 
לגיל;גיל;verb;пааль;радоваться
לגייס;גיס;verb;пиэль;мобилизовать, привлечь 
להתגייס;גיס;verb;hитпаэль;мобилизоваться
לגייר;גיר;verb;пиэль;обращать в иудаизм
להתגייר;גיר;verb;hитпаэль;принять иудаизм
לגלגל;גלגל;verb;пиэль;катить, перекатывать
להתגלגל;גלגל;verb;hитпаэль;катиться, перекатываться
להגליד;גלד;verb;hифъиль;зарубцовываться, затягиваться 
לגלח;גלח;verb;пиэль;брить
להתגלח;גלח;verb;hитпаэль;бриться
לגלות;גלה;verb;пиэль;открывать, обнаруживать
לגלות;גלה;verb;пааль;уехать на чужбину
להיגלות;גלה;verb;нифъаль;раскрываться, обнаруживаться
להגלות;גלה;verb;hифъиль;изгонять, депортировать
להתגלות;גלה;verb;hитпаэль;обнаруживаться, появляться
לגולל;גלל;verb;пиэль;развертывать, рассказывать в подробностях
להתגולל;גלל;verb;hитпаэль;валяться, катиться
לגלול;גלל;verb;пааль;скатывать, свертывать
להיגול;גלל;verb;нифъаль;катиться  раскрыться 
לגלם;גלם;verb;пиэль;воплощать
להתגלם;גלם;verb;hитпаэль;воплощаться окуклиться 
להתגלע;גלע;verb;hитпаэль;прорваться, вспыхнуть 
לגלף;גלף;verb;пиэль;гравировать
לגלוש;גלש;verb;пааль;скользить, кататься на лыжах
להתגלש;גלש;verb;hитпаэль;скользить 
לגמוא;גמא;verb;пааль;заглатывать , хлебать
לגמגם;גמגם;verb;пиэль;заикаться, бормотать
לגמד;גמד;verb;пиэль;преуменьшить, укоротить
להתגמד;גמד;verb;hитпаэль;становиться незначительным
להיגמל;גמל;verb;нифъаль;отвыкнуть, отучиться, излечиться
לגמול;גמל;verb;пааль;возместить, отдать, отплатить
לגמור;גמר;verb;пааль;кончать, завершать
להיגמר;גמר;verb;нифъаль;кончаться
להגמיש;גמש;verb;hифъиль;сделать более гибким смягчить
לגנוב;גנב;verb;пааль;красть, воровать
להיגנב;גנב;verb;нифъаль;быть украденным
להגניב;גנב;verb;hифъиль;скрытно внести, ввести, подбросить
להתגנב;גנב;verb;hитпаэль;прокрасться, подкрасться
לגנדר;גנדר;verb;пиэль;разукрашивать
להתגנדר;גנדר;verb;hитпаэль;украшаться, франтить, щеголять
להיגנז;גנז;verb;нифъаль;быть скрытым быть аннулированным
לגנוז;גנז;verb;пааль;укрывать, скрывать
לגנוח;גנח;verb;пааль;стонать
לגנות;גנה;verb;пиэль;осуждать, клеймить, порицать
לגונן;גנן;verb;пиэль;защищать
להתגונן;גנן;verb;hитпаэль;защищаться
להגן;גנן;verb;hифъиль;защищать
לגון;גנן;verb;пааль;защищать  
לגנן;גנן;verb;пиэль;ухаживать за садом 
לגסוס;גסס;verb;пааль;агонизировать, умирать
לגעגע;געגע;verb;пиэль;гоготать 
להתגעגע;געגע;verb;hитпаэль;тосковать по 
לגעות;געה;verb;пааль;мычать, реветь
להגעיל;געל;verb;hифъиль;вызывать отвращение
לגעול;געל;verb;пааль;гнушаться, чувствовать отвращение 
לגעור;גער;verb;пааль;накричать, упрекнуть, одернуть 
לגעוש;געש;verb;пааль;бушевать
לגפף;גפף;verb;пиэль;обнимать, тискать
לגרוב;גרב;verb;пааль;надевать 
לגרגר;גרגר;verb;пиэль;хрипеть, клокотать
לגרד;גרד;verb;пиэль;чесать, чесаться, скрести
להתגרד;גרד;verb;hитпаэль;почесываться, чесаться
לגרות;גרה;verb;пиэль;дразнить, возбуждать
להתגרות;גרה;verb;hитпаэль;задираться, вести себя вызывающе с кемлибо 
להגריל;גרל;verb;hифъиль;бросать жребий, разыгрывать чтолибо 
להיגרם;גרם;verb;нифъаль;быть вызванным, причиненным
לגרום;גרם;verb;пааль;вызывать, повлечь
להיגרס;גרס;verb;нифъаль;быть измельченным, истолченным
לגרוס;גרס;verb;пааль;предполагать  дробить, толочь 
לגרוע;גרע;verb;пааль;урезать, убавлять
להיגרע;גרע;verb;нифъаль;быть убавленным, урезанным
לגרוף;גרף;verb;пааль;загребать, сгребать
להיגרף;גרף;verb;нифъаль;быть забранным, собранным
לגרף;גרף;verb;пиэль;сгребать, выгребать
להיגרר;גרר;verb;нифъаль;тащиться, быть вовлеченным
לגרר;גרר;verb;пиэль;тереть  
לגרור;גרר;verb;пааль;тащить, тянуть, буксировать
לגרש;גרש;verb;пиэль;изгонять, прогонять
להתגרש;גרש;verb;hитпаэль;развестись с кемлибо 
להגשים;גשם;verb;hифъиль;воплощать, осуществлять
להתגשם;גשם;verb;hитпаэль;воплощаться, осуществляться
לגשר;גשר;verb;пиэль;соединять, быть посредником 
לגשור;גשר;verb;пааль;построить мост 
לגשש;גשש;verb;пиэль;нащупывать, искать ощупью
להתגושש;גשש;verb;hитпаэль;бороться
לדאוב;דאב;verb;пааль;скорбеть, огорчаться
לדאוג;דאג;verb;пааль;беспокоиться, заботиться о комлибо 
להדאיג;דאג;verb;hифъиль;беспокоить
לדאות;דאה;verb;пааль;парить, планировать 
לדובב;דבב;verb;пиэль;разговорить, побудить говорить
לדבב;דבב;verb;пиэль;дублировать, переводить 
לדבוב;דבב;verb;пааль;бормотать 
לדבלל;דבלל;verb;пиэль;растрепать
לדבוק;דבק;verb;пааль;прилипать, быть приверженным
להידבק;דבק;verb;нифъаль;приклеиваться заражаться
להדביק;דבק;verb;hифъиль;приклеить, прилепить
לדבר;דבר;verb;пиэль;говорить
להדביר;דבר;verb;hифъиль;морить, ликвидировать 
להידבר;דבר;verb;нифъаль;договориться, сговориться
להידבר;דבר;verb;hитпаэль;обсуждать, участвовать в дискуссии
לדגדג;דגדג;verb;пиэль;щекотать
לדגול;דגל;verb;пааль;придерживаться, поддерживать 
להדגים;דגם;verb;hифъиль;демонстрировать, приводить пример
לדגום;דגם;verb;пааль;делать выборку 
לדגור;דגר;verb;пааль;высиживать яйца, корпеть 
להדגיש;דגש;verb;hифъиль;подчеркивать, ставить ударение
לדהות;דהה;verb;пааль;тускнеть, блекнуть, выцветать
להדהות;דהה;verb;hифъиль;выцвечивать, вызвать выцветание
להידהם;דהם;verb;нифъаль;поражаться, быть ошеломленным
להדהים;דהם;verb;hифъиль;поражать, ошеломлять
לדהור;דהר;verb;пааль;мчаться, скакать
לדוג;דוג;verb;пааль;удить, ловить рыбу
לדווח;דוח;verb;пиэль;доложить
להדיח;דוח;verb;hифъиль;полоскать, мыть
לדוות;דוה;verb;пааль;болеть, скорбеть, страдать 
לדון;דון;verb;пааль;обсуждать приговорить
להידון;דון;verb;нифъаль;обсуждаться
לדור;דור;verb;пааль;проживать
לדוש;דוש;verb;пааль;давить ногами копаться, обсуждать
לדווש;דוש;verb;пиэль;жать на педали, крутить педали
להידחות;דחה;verb;нифъаль;быть отложенным быть отвергнутым
לדחות;דחה;verb;пааль;откладывать отказывать отталкивать
לדחוס;דחס;verb;пааль;сдавливать, стискивать
לדחוף;דחף;verb;пааль;толкать
להידחף;דחף;verb;нифъаль;быть оттолкнутым
לדחוק;דחק;verb;пааль;давить, теснить подгонять, подстегивать
להידחק;דחק;verb;нифъаль;пролезать, протискиваться быть затолканным, вытесненным
להדחיק;דחק;verb;hифъиль;подавлять, вытеснять 
להידיין;דין;verb;hитпаэль;спорить, дискутировать судиться
לדייק;דיק;verb;пиэль;быть точным быть пунктуальным
לדכא;דכא;verb;пиэль;угнетать, давить вызывать депрессию
לדלוג;דלג;verb;пааль;перепрыгивать, перескакивать, пропускать  
לדלג;דלג;verb;пиэль;перепрыгивать, перескакивать, пропускать 
לדלדל;דלדל;verb;пиэль;изнурять, истощать ослаблять, обеднять
להידלדל;דלדל;verb;hитпаэль;истощаться слабеть, беднеть
לדלות;דלה;verb;пааль;черпать почерпнуть 
לדלות;דלה;verb;пиэль;поднять 
לדלל;דלל;verb;пиэль;разрежать, разбавлять
דל;דלל;verb;пааль;слабеть 
להדליף;דלף;verb;hифъиль;разглашать секрет
לדלוף;דלף;verb;пааль;протекать, капать
להידלק;דלק;verb;нифъаль;зажигаться, загораться
להדליק;דלק;verb;hифъиль;зажигать включать
לדלוק;דלק;verb;пааль;гореть гнаться за кемлибо 
לדמדם;דמדם;verb;пиэль;мерцать, едва светиться  бредить 
לדמות;דמה;verb;пааль;походить на чтолибо 
להידמות;דמה;verb;нифъаль;походить, казаться
לדמות;דמה;verb;пиэль;вообразить, уподобить чтолибо чемулибо 
להדמות;דמה;verb;hифъиль;моделировать, делать симуляцию
להידמות;דמה;verb;hитпаэль;уподобляться, имитировать  ассимилироваться 
לדמיין;דמין;verb;пиэль;вообразить, фантазировать
להידום;דמם;verb;нифъаль;замолчать быть заставленным молчать 
לדמם;דמם;verb;пиэль;кровоточить
לדום;דמם;verb;пааль;молчать, замолкнуть не двигаться
לדמוע;דמע;verb;пааль;плакать
לדסקס;דסקס;verb;пиэль;обсуждать  обрабатывать дисковой бороной 
לדעוך;דעך;verb;пааль;угасать, затухать
לדפדף;דפדף;verb;пиэль;листать, перелистывать
להדפיס;דפס;verb;hифъиль;отпечатать
להידפס;דפס;verb;нифъаль;быть напечатанным быть опубликованным
להידפק;דפק;verb;нифъаль;быть ударенным, потерпеть неудачу
לדפוק;דפק;verb;пааль;стучать, бить поиметь 
להתדפק;דפק;verb;hитпаэль;стучаться 
לדקדק;דקדק;verb;пиэль;делать чтолибо педантично, следить за тонкостями 
לדקלם;דקלם;verb;пиэль;декламировать
לדקור;דקר;verb;пааль;протыкать, колоть
להידקר;דקר;verb;нифъаль;быть зарезанным, заколотым ножом
לדרבן;דרבן;verb;пиэль;побуждать, стимулировать
לדרג;דרג;verb;пиэль;распределять по степеням, уровням и т д
לדרדר;דרדר;verb;пиэль;катить, скатывать с горки ухудшать
להידרדר;דרדר;verb;hитпаэль;катиться вниз портиться, ухудшаться
להידרך;דרך;verb;нифъаль;быть взведенным, подготовленным быть взведенным 
להדריך;דרך;verb;hифъиль;руководить, инструктировать
לדרוך;דרך;verb;пааль;наступать
להידרך;דרך;verb;нифъаль;на него наступили ногой
להדרים;דרם;verb;hифъиль;идти на юг
להידרס;דרס;verb;нифъаль;быть раздавленным, растерзанным
לדרוס;דרס;verb;пааль;раздавить, растерзать
להידרש;דרש;verb;нифъаль;требоваться
לדרוש;דרש;verb;пааль;требовать проповедовать
לדשדש;דשדש;verb;пиэль;топтаться
לדשן;דשן;verb;пиэль;удобрять
להבהב;הבהב;verb;пиэль;мерцать, светиться
לההביל;הבל;verb;hифъиль;испускать пар
להגות;הגה;verb;пааль;произносить
להיהגות;הגה;verb;нифъаль;произноситься рассматриваться
להגר;הגר;verb;пиэль;мигрировать
להדהד;הדהד;verb;пиэль;раздаваться, отзываться эхом
להדוף;הדף;verb;пааль;оттеснять, отталкивать
להדק;הדק;verb;пиэль;скреплять, сцеплять, стягивать
להתהדק;הדק;verb;hитпаэль;стягиваться, затягиваться, смыкаться
להתהדר;הדר;verb;hитпаэль;прихорашиваться, украшаться хвастаться
להדר;הדר;verb;пиэль;прославлять, восхвалять
להדור;הדר;verb;пааль;почитать, оказывать уважение 
להוות;הוה;verb;пиэль;образовывать, представлять собой
להתהוות;הוה;verb;hитпаэль;возникнуть, быть созданным
להוון;הון;verb;пиэль;капитализировать
להזות;הזה;verb;пааль;грезить
להיות;היה;verb;пааль;быть
נהיה;היה;verb;нифъаль;стать, сделаться
ללכת;הלך;verb;пааль;идти
להלך;הלך;verb;пиэль;расхаживать
להתהלך;הלך;verb;hитпаэль;прохаживаться
להלל;הלל;verb;пиэль;восхвалять, прославить
להתהלל;הלל;verb;hитпаэль;восхваляться, прославляться
לההל;הלל;verb;hифъиль;светить, освещать 
להלום;הלם;verb;пааль;быть к лицу, подходить, соответствовать
להלום;הלם;verb;пааль;ударять, ошеломлять
להמהם;המהם;verb;пиэль;напевать, бормотать
להמות;המה;verb;пиэль;шуметь, гудеть 
להמות;המה;verb;пааль;шуметь, гудеть
להום;המם;verb;пааль;ошеломлять, поражать
להמם;המם;verb;пиэль;поражать, ошеломлять
להמר;המר;verb;пиэль;делать ставку
להנדס;הנדס;verb;пиэль;разработать, придумать решить проблему  одурачить 
להנהן;הנהן;verb;пиэль;кивать, поддакивать
ליהנות;הנה;verb;нифъаль;наслаждаться, получать удовольствие 
להסות;הסה;verb;пиэль;заставить замолчать 
להסס;הסס;verb;пиэль;сомневаться, колебаться
להתהפך;הפך;verb;hитпаэль;перевернуться
להפוך;הפך;verb;пааль;перевернуть, превратить, стать кемлибо 
להיהפך;הפך;verb;нифъаль;перевернуться, стать кемлибо 
להפנט;הפנט;verb;пиэль;гипнотизировать
להרוג;הרג;verb;пааль;убивать
להיהרג;הרג;verb;нифъаль;быть убитым
להרהר;הרהר;verb;пиэль;думать, размышлять о чемлибо 
להרות;הרה;verb;пааль;забеременеть
להיהרס;הרס;verb;нифъаль;быть разрушенным, уничтоженным сильно устать 
להרוס;הרס;verb;пааль;разрушать, губить
להתל;התל;verb;пиэль;дурачить 
לוודא;ודא;verb;пиэль;удостоверять, подтверждать
להתוודות;ודה;verb;hитпаэль;признаваться
להתוודע;ודע;verb;hитпаэль;познакомиться с кемлибо 
להתווכח;וכח;verb;hитпаэль;дискутировать, спорить
להוליך;ולך;verb;hифъиль;вести, проводить
לווסת;וסת;verb;пиэль;регулировать
להווריד;ורד;verb;hифъиль;порозоветь сделать розовым
לוותר;ותר;verb;пиэль;уступать, отказаться
לזבוח;זבח;verb;пааль;принести в жертву 
לזבח;זבח;verb;пиэль;приносить в жертву животных 
להיזבח;זבח;verb;нифъаль;быть принесенным в жертву 
לזבל;זבל;verb;пиэль;удобрять, унавоживать говорить чепуху 
לזגזג;זגזג;verb;пиэль;двигаться зигзагом 
להזהיב;זהב;verb;hифъиль;золотить становиться золотого цвета
לזהות;זהה;verb;пиэль;опознавать, идентифицировать
להזדהות;זהה;verb;hитпаэль;назвать себя, солидаризироваться
לזהם;זהם;verb;пиэль;загрязнять, осквернять
להזדהם;זהם;verb;hитпаэль;загрязниться заразиться
לזהור;זהר;verb;пааль;блестеть, сиять
להזהיר;זהר;verb;hифъиль;предостерегать
להיזהר;זהר;verb;нифъаль;быть осторожным, остерегаться чеголибо 
לזוב;זוב;verb;пааль;течь, капать, истекать
לזווג;זוג;verb;пиэль;сочетать парами женить
להזדווג;זוג;verb;hитпаэль;спариваться, совокупляться
לזווד;זוד;verb;пиэль;укомплектовать
לזוד;זוד;verb;пааль;замышлять зло 
לזוז;זוז;verb;пааль;сдвигаться, трогаться с места
להזיז;זוז;verb;hифъиль;двигать, передвигать
להזין;זון;verb;hифъиль;питать, содержать вводить данные 
להיזון;זון;verb;нифъаль;питаться
לזון;זון;verb;пааль;питать, кормить 
להזיע;זוע;verb;hифъиль;потеть
לזוע;זוע;verb;пааль;шевелиться, двигаться 
להיזור;זור;verb;нифъаль;уйти 
לזוות;זות;verb;пиэль;повернуть, скосить, направить
להזדחל;זחל;verb;hитпаэль;ползти, тащиться
לזחול;זחל;verb;пааль;ползать, раболепствовать, пресмыкаться перед кемлибо 
להזיד;זיד;verb;hифъиль;грешить  
להזדיין;זין;verb;hитпаэль;вооружаться совокупляться
לזיין;זין;verb;пиэль;вооружать, исполнять половой акт
לזייף;זיף;verb;пиэль;подделывать, фальсифицировать
לזכות;זכה;verb;пааль;заслужить, удостоиться, выиграть
לזכות;זכה;verb;пиэль;оправдать, перевести на счет
לזכור;זכר;verb;пааль;помнить
להזכיר;זכר;verb;hифъиль;напоминать
להיזכר;זכר;verb;нифъаль;вспоминать 
לזלוג;זלג;verb;пааль;проливаться, литься
לזלזל;זלזל;verb;пиэль;пренебрегать чемлибо 
לזלול;זלל;verb;пааль;жрать, обжираться
להזליף;זלף;verb;hифъиль;опрыскивать капать 
לזמזם;זמזם;verb;пиэль;гудеть
להזים;זמם;verb;hифъиль;опровергнуть 
לזמום;זמם;verb;пааль;замышлять 
לזמן;זמן;verb;пиэль;созывать, вызывать
להזמין;זמן;verb;hифъиль;приглашать, заказывать
להזדמן;זמן;verb;hитпаэль;случиться, случайно встретиться
לזמר;זמר;verb;пиэль;петь
לזמור;זמר;verb;пааль;подрезать 
לזנב;זנב;verb;пиэль;преследовать, гнаться за кемлибо  украсть, стащить 
להזדנב;זנב;verb;hитпаэль;волочиться, плестись хвостом за чемлибо 
לזנוח;זנח;verb;пааль;оставлять, бросать
להזניח;זנח;verb;hифъиль;забрасывать, запускать
לזנות;זנה;verb;пааль;развратничать, прелюбодействовать
לזנות;זנה;verb;пиэль;развратничать, прелюбодействовать 
לזנק;זנק;verb;пиэль;прыгнуть 
להזניק;זנק;verb;hифъиль;запустить  начать 
לזעזע;זעזע;verb;пиэль;сотрясать, потрясать
להזדעזע;זעזע;verb;hитпаэль;содрогаться, ужасаться
לזעום;זעם;verb;пааль;гневаться на чтолибо 
להיזעם;זעם;verb;нифъаль;быть разгневанным 
לזעוף;זעף;verb;пааль;возмущаться, гневаться
להזעיף;זעף;verb;hифъиль;гневаться 
להזעיק;זעק;verb;hифъиль;созывать, призывать, звать на помощь
לזעוק;זעק;verb;пааль;кричать, вопить
להזדעק;זעק;verb;hитпаэль;вскричать, возмутиться 
לזער;זער;verb;пиэль;уменьшить 
לזפת;זפת;verb;пиэль;смолить, смазывать дегтем, асфальтировать
להזדקן;זקן;verb;hитпаэль;стариться, состариться
להזקין;זקן;verb;hифъиль;стареть старить, делать старым
זקן;זקן;verb;пааль;стареть, состариться
להיזקף;זקף;verb;нифъаль;быть отнесенным на счет коголибо 
להזדקף;זקף;verb;hитпаэль;выпрямляться, разгибаться
לזקוף;זקף;verb;пааль;выпрямлять, ставить вертикально, поднимать зачислить, записать на счет
לזקק;זקק;verb;пиэль;перегонять, дистиллировать
להיזקק;זקק;verb;нифъаль;нуждаться, иметь потребность в чемлибо 
להזדקק;זקק;verb;hитпаэль;иметь необходимость в чемлибо 
להזקיק;זקק;verb;hифъиль;вынудить, сделать необходимым
להזדקר;זקר;verb;hитпаэль;выделяться, торчать
לזרגג;זרגג;verb;пиэль;портить, рушить  совокупляться 
לזרז;זרז;verb;пиэль;подгонять, поторапливать
להזדרז;זרז;verb;hитпаэль;торопиться
לזרזף;זרזף;verb;пиэль;литься, течь, капать 
לזרוח;זרח;verb;пааль;светить, сиять, восходить
לזרות;זרה;verb;пааль;разбрасывать, рассеивать
להיזרות;זרה;verb;нифъаль;быть разбросанным, рассеянным
להזרים;זרם;verb;hифъиль;лить, вливать
לזרום;זרם;verb;пааль;течь, струиться, литься быть гибким 
לזרוע;זרע;verb;пааль;сеять
להיזרע;זרע;verb;нифъаль;быть посеянным
לזרוק;זרק;verb;пааль;бросать
להיזרק;זרק;verb;нифъаль;быть брошенным, кинутым
להזריק;זרק;verb;hифъиль;впрыскивать, делать укол
להיחבא;חבא;verb;нифъаль;быть укрытым, спрятанным
להתחבא;חבא;verb;hитпаэль;укрыться, спрятаться
להחביא;חבא;verb;hифъиль;укрыть, спрятать
לחבב;חבב;verb;пиэль;симпатизировать комулибо 
לחבוב;חבב;verb;пааль;любить, относиться с симпатией 
להתחבב;חבב;verb;hитпаэль;понравиться, полюбиться комулибо 
לחבוט;חבט;verb;пааль;ударять, бить
להיחבט;חבט;verb;нифъаль;удариться при падении 
להתחבט;חבט;verb;hитпаэль;колебаться, обдумывать , биться, извиваться бороться 
לחבל;חבל;verb;пиэль;производить диверсию, вредить чемулибо 
להיחבל;חבל;verb;нифъаль;подвергнуться ранению
לחבול;חבל;verb;пааль;ранить, повреждать
לחבק;חבק;verb;пиэль;обнять
לחבוק;חבק;verb;пааль;обхватить, обнять
להתחבק;חבק;verb;hитпаэль;обниматься
להחביר;חבר;verb;hифъиль;соединить, присоединить 
לחבר;חבר;verb;пиэль;соединять
להתחבר;חבר;verb;hитпаэль;соединяться
לחבור;חבר;verb;пааль;объединяться, соединяться
להיחבש;חבש;verb;нифъаль;быть забинтованным
לחבוש;חבש;verb;пааль;забинтовать надеть 
לחוג;חגג;verb;пааль;праздновать
להיחגג;חגג;verb;нифъаль;отмечаться, быть отпразднованным
לחגור;חגר;verb;пааль;опоясаться
לחדד;חדד;verb;пиэль;точить, заострять
לחדול;חדל;verb;пааль;прекратить, отстать 
להחדיר;חדר;verb;hифъиль;внедрять, вводить
לחדור;חדר;verb;пааль;проникать 
לחדש;חדש;verb;пиэль;обновлять, вводить новое
להתחדש;חדש;verb;hитпаэль;обновляться, возобновляться
לחוב;חוב;verb;пааль;быть должным, быть обязанным
לחוג;חוג;verb;пааль;описывать круги
לחוד;חוד;verb;пааль;загадывать загадку
לחווט;חוט;verb;пиэль;соединять проводами, делать проводку, прошивку
להחוות;חוה;verb;hифъиль;делать знак
לחוות;חוה;verb;пааль;испытывать, переживать
לחוות;חוה;verb;пиэль;выражать, изъявлять
לחול;חול;verb;пааль;распространяться, происходить
להתחולל;חול;verb;hитпаэль;свершаться, происходить
להחיל;חול;verb;hифъиль;распространять, обязать
לחולל;חול;verb;пиэль;плясать, танцевать 
לחוס;חוס;verb;пааль;сберегать, сжалиться 
להתחוור;חור;verb;hитпаэль;проясниться
להחוויר;חור;verb;hифъиль;бледнеть
לחוש;חוש;verb;пааль;чувствовать , торопиться
להחיש;חוש;verb;hифъиль;подгонять, торопить
לחזות;חזה;verb;пааль;предвидеть, наблюдать
להתחזות;חזה;verb;hитпаэль;притворяться 
לחזק;חזק;verb;пиэль;укреплять, усиливать
להתחזק;חזק;verb;hитпаэль;укрепляться, усиливаться
להחזיק;חזק;verb;hифъиль;держать, удерживаться
לחזוק;חזק;verb;пааль;быть сильным крепнуть, усиливаться 
לחזור;חזר;verb;пааль;возвращаться повторять чтолибо 
לחזר;חזר;verb;пиэль;ухаживать за кемлибо 
להחזיר;חזר;verb;hифъиль;возвращать
להחטיא;חטא;verb;hифъиль;промахнуться
לחטוא;חטא;verb;пааль;грешить
לחטא;חטא;verb;пиэль;дезинфицировать
להתחטא;חטא;verb;hитпаэль;очиститься   подлизываться 
לחטוב;חטב;verb;пааль;обрубить, обтесать
להיחטב;חטב;verb;нифъаль;быть обрубленным, обтесанным
לחטט;חטט;verb;пиэль;ковыряться, копаться
להיחטף;חטף;verb;нифъаль;быть схваченным, похищенным
להחטיף;חטף;verb;hифъиль;врезать комулибо 
לחטוף;חטף;verb;пааль;схватить, похитить
להתחייב;חיב;verb;hитпаэль;обязываться
לחייב;חיב;verb;пиэль;обязывать, требовать
לחייג;חיג;verb;пиэль;набирать номер телефона
לחייט;חיט;verb;пиэль;шить на заказ 
להחיות;חיה;verb;hифъиль;оживлять, пробуждать к жизни
לחיות;חיה;verb;пааль;жить
לחייך;חיך;verb;пиэль;улыбаться
לחולל;חיל;verb;пиэль;причинять, создавать
להתחולל;חיל;verb;hитпаэль;происходить, свершаться
לחייל;חיל;verb;пиэль;вербовать на военную службу
לחכות;חכה;verb;пиэль;ждать чеголибо 
לחכך;חכך;verb;пиэль;тереть
להתחכך;חכך;verb;hитпаэль;тереться обо чтолибо 
להתחכם;חכם;verb;hитпаэль;умничать
לחכום;חכם;verb;пааль;становиться мудрее
להחכים;חכם;verb;hифъиль;поумнеть, стать мудрым умудрять, вразумлять
להיחכר;חכר;verb;нифъаль;быть арендованным
להחכיר;חכר;verb;hифъиль;сдавать в аренду
לחכור;חכר;verb;пааль;арендовать
לחלוב;חלב;verb;пааль;доить
להחליד;חלד;verb;hифъиль;ржаветь
לחלחל;חלחל;verb;пиэль;просачиваться, проникать в 
להתחלחל;חלחל;verb;hитпаэль;содрогаться, пугаться
להיחכר;חכר;verb;нифъаль;быть арендованным
להחכיר;חכר;verb;hифъиль;сдавать в аренду
לחכור;חכר;verb;пааль;арендовать
לחלוב;חלב;verb;пааль;доить
להחליד;חלד;verb;hифъиль;ржаветь
לחלחל;חלחל;verb;пиэль;просачиваться, проникать в 
להתחלחל;חלחל;verb;hитпаэль;содрогаться, пугаться
להחל;חלל;verb;hифъиль;начинать, начинаться 
להחלים;חלם;verb;hифъиль;выздороветь, поправиться
לחלום;חלם;verb;пааль;мечтать 
להחליף;חלף;verb;hифъиль;обменивать, менять
להתחלף;חלף;verb;hитпаэль;обмениваться, меняться
לחלוף;חלף;verb;пааль;миновать
לחלוץ;חלץ;verb;пааль;снимать 
להיחלץ;חלץ;verb;нифъаль;быть высвобожденным, спастись
לחלץ;חלץ;verb;пиэль;высвобождать
לחלק;חלק;verb;пиэль;делить, раздавать
להחליק;חלק;verb;hифъиль;скользить делать гладким
לחלוק;חלק;verb;пааль;делить, раздавать оспаривать
להתחלק;חלק;verb;hитпаэль;делиться, распределяться поскользнуться
להיחלק;חלק;verb;нифъаль;разделяться расходиться во мнениях, не соглашаться
להחליש;חלש;verb;hифъиль;слабеть, ослаблять
לחלוש;חלש;verb;пааль;слабеть
להתחלש;חלש;verb;hитпаэль;слабеть 
להיחלש;חלש;verb;нифъаль;слабеть
לחלוש;חלש;verb;пааль;господствовать над чемлибо 
להחמיא;חמא;verb;hифъиль;говорить комплименты
לחמוד;חמד;verb;пааль;страстно желать, заглядываться
לחמול;חמל;verb;пааль;сжалиться над кемлибо 
לחמם;חמם;verb;пиэль;нагревать, подогревать
להתחמם;חמם;verb;hитпаэль;нагреваться, возбуждаться
להחמיץ;חמץ;verb;hифъиль;скиснуть упустить возможность
לחמוץ;חמץ;verb;пааль;скисать заквашиваться 
להתחמץ;חמץ;verb;hитпаэль;закисать 
לחמצן;חמצן;verb;пиэль;окислять
להתחמצן;חמצן;verb;hитпаэль;окисляться
להתחמק;חמק;verb;hитпаэль;ускользать, уклоняться
לחמוק;חמק;verb;пааль;ускользать
להחמיר;חמר;verb;hифъиль;затруднять ухудшаться
להתחמש;חמש;verb;hитпаэль;вооружаться
לחנוט;חנט;verb;пааль;бальзамировать
להיחנט;חנט;verb;нифъаль;быть забальзамированным
לחנות;חנה;verb;пааль;встать на стоянку устроить лагерь
להחנות;חנה;verb;hифъиль;поставить на стоянку
לחנך;חנך;verb;пиэль;учить, воспитывать
להיחנך;חנך;verb;нифъаль;быть заложенным, торжественно открытым
להתחנך;חנך;verb;hитпаэль;воспитываться
לחנוך;חנך;verb;пааль;провести церемонию открытия
להתחנן;חנן;verb;hитпаэль;взмолиться, просить о пощаде
לחון;חנן;verb;пааль;амнистировать наделять, одарять
מחונן;חנן;verb;пуаль;получить , быть наделенным чемлибо
להיחן;חנן;verb;нифъаль;быть одаренным, наделенным  
להתחנף;חנף;verb;hитпаэль;заискивать
להחניף;חנף;verb;hифъиль;льстить
לחנוק;חנק;verb;пааль;душить
להיחנק;חנק;verb;нифъаль;задыхаться
להחניק;חנק;verb;hифъиль;душить, удушать
להתחסד;חסד;verb;hитпаэль;строить из себя праведника
לחסות;חסה;verb;пааль;находить укрытие
להיחסך;חסך;verb;нифъаль;быть сэкономленным
לחסוך;חסך;verb;пааль;делать сбережения, экономить
לחסל;חסל;verb;пиэль;ликвидировать
להתחסל;חסל;verb;hитпаэль;ликвидироваться
להיחסם;חסם;verb;нифъаль;быть прегражденным, закрытым
לחסום;חסם;verb;пааль;преграждать, закрывать
לחסן;חסן;verb;пиэль;укреплять, делать прививку
להתחסן;חסן;verb;hитпаэль;прививаться, делать прививку
להתחסן;חסן;verb;hитпаэль;укрепляться, развивать иммунитет
לחספס;חספס;verb;пиэль;делать шероховатым
להחסיר;חסר;verb;hифъиль;вычитать, отнимать отсутствовать, пропускать 
לחסור;חסר;verb;пааль;недоставать
לחסר;חסר;verb;пиэль;отнимать, вычитать
להיחפז;חפז;verb;нифъаль;спешить, торопиться
לחפות;חפה;verb;пиэль;покрывать, прикрывать
לחוף;חפף;verb;пааль;дублировать, покрывать
לחופף;חפף;verb;пиэль;покрывать сверху
להתחפף;חפף;verb;hитпаэль;убираться, сматываться 
לחפוף;חפף;verb;пааль;мыть 
לחפוף;חפף;verb;пааль;соответствовать, совпадать покрывать 
לחפוץ;חפץ;verb;пааль;желать, хотеть чеголибо 
לחפור;חפר;verb;пааль;копать, рыть
להיחפר;חפר;verb;нифъаль;быть выкопанным
להתחפר;חפר;verb;hитпаэль;окопаться
לחפש;חפש;verb;пиэль;искать
להתחפש;חפש;verb;hитпаэль;маскироваться под 
לחצוב;חצב;verb;пааль;вырубать , высекать
להיחצב;חצב;verb;нифъаль;быть вырубленным , высеченным
לחצות;חצה;verb;пааль;пересекать
להיחצות;חצה;verb;нифъаль;разделяться, пересекаться
להתחצף;חצף;verb;hитпаэль;обнаглеть, вести себя вызывающе
לחצצר;חצצר;verb;пиэль;играть на трубе
לחקות;חקה;verb;пиэль;подражать комулибо 
להתחקות;חקה;verb;hитпаэль;расследовать 
לחוקק;חקק;verb;пиэль;устанавливать закон
להיחקק;חקק;verb;нифъаль;быть выгравированным быть принятым 
לחקוק;חקק;verb;пааль;гравировать 
לחקור;חקר;verb;пааль;исследовать, расследовать
להיחקר;חקר;verb;нифъаль;быть расследованным, исследованным
להיחרב;חרב;verb;нифъаль;быть разрушенным
לחרוב;חרב;verb;пааль;разрушаться, высыхать от жары
להחריב;חרב;verb;hифъиль;разрушать, порушить
לחרבן;חרבן;verb;пиэль;испражняться, портить дело
להתחרבן;חרבן;verb;hитпаэль;провалиться, окончиться неудачей, лопнуть 
לחרוג;חרג;verb;пааль;выходить за рамки 
לחרוד;חרד;verb;пааль;тревожиться о чемлибо 
להיחרד;חרד;verb;нифъаль;внезапно пугаться чеголибо 
להחריד;חרד;verb;hифъиль;пугать, ужасать 
לחרוז;חרז;verb;пааль;рифмовать
להיחרז;חרז;verb;нифъаль;быть рифмованным быть нанизанным 
להתחרז;חרז;verb;hитпаэль;рифмоваться
לחרחר;חרחר;verb;пиэль;затевать ссору
לחרוט;חרט;verb;пааль;вытачивать, гравировать
להיחרט;חרט;verb;нифъаль;быть выточенным, выгравированным
להתחרט;חרט;verb;hитпаэль;сожалеть, раскаиваться в чемлибо 
לחרטט;חרטט;verb;пиэль;говорить чепуху 
להתחרות;חרה;verb;hитпаэль;соперничать, конкурировать с 
לחרות;חרה;verb;пааль;гневаться, сердиться  
להחרות;חרה;verb;hифъиль;соглашаться, присоединться к мнению  
לחרוך;חרך;verb;пааль;опалять, обугливать
להיחרך;חרך;verb;нифъаль;быть опаленным, обугленным
להחרים;חרם;verb;hифъиль;бойкотировать конфисковать
להחריף;חרף;verb;hифъиль;обостряться
לחרף;חרף;verb;пиэль;проклинать, оскорблять 
לחרוף;חרף;verb;пааль;зимовать 
להתחרפן;חרפן;verb;hитпаэль;чокнуться, сойти с ума 
להיחרץ;חרץ;verb;нифъаль;быть предопределенным, решенным заранее
לחרוץ;חרץ;verb;пааль;выскрести решать, выносить приговор
לחרוק;חרק;verb;пааль;скрипеть, скрежетать
לחרר;חרר;verb;пиэль;перфорировать, делать отверстия в чемлибо
לחרוש;חרש;verb;пааль;пахать, вспахивать
להחריש;חרש;verb;hифъиль;оглушать онеметь
להיחרש;חרש;verb;нифъаль;быть вспаханным
להתחרש;חרש;verb;hитпаэль;оглохнуть
לחרות;חרת;verb;пааль;выдолбить
לחשוב;חשב;verb;пааль;думать
להיחשב;חשב;verb;нифъаль;считаться чемлибо 
לחשב;חשב;verb;пиэль;считать, рассчитывать
להחשיב;חשב;verb;hифъиль;ценить
להתחשב;חשב;verb;hитпаэль;считаться, входить в положение 
להתחשבן;חשבן;verb;hитпаэль;проводить взаимные расчеты сводить счеты 
לחשבן;חשבן;verb;пиэль;высчитывать вести счет 
לחשוד;חשד;verb;пааль;подозревать 
להיחשד;חשד;verb;нифъаль;попасть под подозрение
להחשיד;חשד;verb;hифъиль;вызывать подозрение
להחשות;חשה;verb;hифъиль;замолчать заставить молчать 
לחשוך;חשך;verb;пааль;темнеть
להחשיך;חשך;verb;hифъиль;затемнять темнеть
לחשל;חשל;verb;пиэль;ковать металл
להתחשל;חשל;verb;hитпаэль;выковываться, коваться
לחשמל;חשמל;verb;пиэль;электризовать
להתחשמל;חשמל;verb;hитпаэль;быть пораженным электрическим током
להיחשף;חשף;verb;нифъаль;быть обнаженным обнаруживаться
לחשוף;חשף;verb;пааль;обнажать, обнаруживать
לחשק;חשק;verb;пиэль;обуздать, застопорить
להתחשק;חשק;verb;hитпаэль;захотеться, приспичить
להיחשק;חשק;verb;нифъаль;быть желанным
לחשוק;חשק;verb;пааль;страстно желать чеголибо 
לחשוש;חשש;verb;пааль;опасаться, беспокоиться 
לחתוך;חתך;verb;пааль;резать, отрезать
להיחתך;חתך;verb;нифъаль;быть отрезанным, порезаться чемлибо 
לחתך;חתך;verb;пиэль;резать, заниматься резьбой  разрезать, разделять 
לחתל;חתל;verb;пиэль;пеленать
להיחתם;חתם;verb;нифъаль;быть подписанным, запечатанным
להחתים;חתם;verb;hифъиль;подписать 
לחתום;חתם;verb;пааль;подписывать, ставить печать, завершать
לחתן;חתן;verb;пиэль;поженить 
לומר;אמר;verb;пааль;сказать 
לאמת;אמת;verb;пиэль;подтверждать, удостоверять
להתאמת;אמת;verb;hитпаэль;подтверждаться
להיאמר;אמר;verb;нифъаль;быть сказанным
להאמיר;אמר;verb;hифъиль;расти, подниматься, увеличиваться
לומר;אמר;verb;пааль;сказать 
לאמת;אמת;verb;пиэль;подтверждать, удостоверять
להתאמת;אמת;verb;hитпаэль;подтверждаться
להתחתן;חתן;verb;hитпаэль;жениться, выйти замуж 
לחתור;חתר;verb;пааль;грести, бороться за чтолибо  подкапываться
לטאטא;טאטא;verb;пиэль;мести, подметать
לטבוח;טבח;verb;пааль;зарезать, забивать 
להיטבח;טבח;verb;нифъаль;быть зарезанным, убитым
לטבול;טבל;verb;пааль;обмакивать, погружать
להיטבל;טבל;verb;нифъаль;быть обмакиваемым, погружаться
להטביל;טבל;verb;hифъиль;обмакивать, погружать крестить
לטבוע;טבע;verb;пааль;тонуть чеканить
להיטבע;טבע;verb;нифъаль;быть отчеканенным
להטביע;טבע;verb;hифъиль;чеканить, накладывать отпечаток
להטביע;טבע;verb;hифъиль;потопить, утопить делать слэм данк 
לטגן;טגן;verb;пиэль;жарить
להיטגן;טגן;verb;hитпаэль;жариться, зажариваться
לטהר;טהר;verb;пиэль;очищать
לטהור;טהר;verb;пааль;очищаться, быть чистым 
להיטהר;טהר;verb;нифъаль;очиститься 
להיטהר;טהר;verb;hитпаэль;очиститься
לטוב;טוב;verb;пааль;быть хорошим, радоваться 
להטיח;טוח;verb;hифъиль;бросать в лицо резко, грубо высказываться
לטווח;טוח;verb;пиэль;нацеливать, пристреливать 
לטוות;טוה;verb;пааль;прясть плести 
להטיל;טול;verb;hифъиль;бросать, метать, нести 
להטיס;טוס;verb;hифъиль;вести самолет, перевозить на самолете
לטוס;טוס;verb;пааль;лететь, летать 
לטחון;טחן;verb;пааль;растирать, молоть
לטייב;טיב;verb;пиэль;мелиорировать  улучшать
לטייל;טיל;verb;пиэль;гулять, путешествовать
לטכס;טכס;verb;пиэль;устраивать церемонию
לטלא;טלא;verb;пиэль;латать, ставить заплаты 
לטלגרף;טלגרף;verb;пиэль;телеграфировать
לטלטל;טלטל;verb;пиэль;трясти, встряхнуть перевозить с места на место
להיטלטל;טלטל;verb;hитпаэль;странствовать, блуждать качаться из стороны в сторону
לטלף;טלף;verb;пиэль;обрезать копыта  
לטלפן;טלפן;verb;пиэль;звонить по телефону 
לטמא;טמא;verb;пиэль;осквернять
להיטמא;טמא;verb;нифъаль;быть оскверненным
לטמוא;טמא;verb;пааль;быть ритуально нечистым
לטמטם;טמטם;verb;пиэль;отуплять, путать
לטמון;טמן;verb;пааль;погрести, зарыть
להיטמן;טמן;verb;нифъаль;быть погребенным
להטמין;טמן;verb;hифъиль;заложить, подложить, зарыть
להטמיע;טמע;verb;hифъиль;ассимилировать, поглощать внедрять
להיטמע;טמע;verb;нифъаль;ассимилироваться вписываться 
לטנף;טנף;verb;пиэль;загрязнять, пачкать
לטעות;טעה;verb;пааль;ошибаться, сбиться
להטעות;טעה;verb;hифъиль;привести к ошибке, ввести в заблуждение
לטעום;טעם;verb;пааль;пробовать на вкус
להטעים;טעם;verb;hифъиль;ставить ударение, подчеркивать, выделять
להטעין;טען;verb;hифъиль;грузить, нагружать заряжать
לטעון;טען;verb;пааль;нагружать заряжать утверждать, заявлять
להיטען;טען;verb;нифъаль;быть погруженным быть заряженным быть утверждаемым, высказываемым
לטפוח;טפח;verb;пааль;хлопать, шлепать по чемулибо 
לטפח;טפח;verb;пиэль;выхаживать, выращивать, лелеять
לטפטף;טפטף;verb;пиэль;капать
לטפל;טפל;verb;пиэль;заботиться, ухаживать 
להיטפל;טפל;verb;нифъаль;приставать к комулибо 
לטפול;טפל;verb;пааль;приклеивать, присоединять
לטפס;טפס;verb;пиэль;карабкаться 
לטפוף;טפף;verb;пааль;семенить, идти легкими шагами
להטריד;טרד;verb;hифъиль;беспокоить, утруждать
להטריח;טרח;verb;hифъиль;беспокоить, утруждать
לטרוח;טרח;verb;пааль;трудиться, хлопотать
לטרטר;טרטר;verb;пиэль;грохотать, рокотать
להטריל;טרל;verb;hифъиль;троллить, провоцировать людей в интернете 
לטרוף;טרף;verb;пааль;растерзать перетасовать
להיטרף;טרף;verb;нифъаль;быть растерзанным быть перетасованным
להטריף;טרף;verb;hифъиль;свести с ума
לטרפד;טרפד;verb;пиэль;торпедировать разрушать 
להיטרק;טרק;verb;нифъаль;быть захлопнутым
לטרוק;טרק;verb;пааль;хлопнуть 
להתטשטש;טשטש;verb;hитпаэль;стираться, делаться неразборчивым, смутным
לטשטש;טשטש;verb;пиэль;делать неразборчивым, затирать, заметать
להיטשטש;טשטש;verb;hитпаэль;затуманиться, размяться, стереться поблекнуть 
ליאות;יאה;verb;пааль;соответствовать, подходить
להואיל;יאל;verb;hифъиль;соглашаться, соизволить
להיוואש;יאש;verb;нифъаль;терять надежду, отчаиваться
להתייאש;יאש;verb;hитпаэль;отчаиваться, приходить в отчаяние
לייבא;יבא;verb;пиэль;импортировать
לייבב;יבב;verb;пиэль;выть, завывать плакать
להוביל;יבל;verb;hифъиль;вести приводить к чемулибо
לייבל;יבל;verb;пиэль;мозолить, натирать мозоли
להתייבש;יבש;verb;hитпаэль;высыхать
ליבוש;יבש;verb;пааль;высохнуть
לייבש;יבש;verb;пиэль;сушить
לייגע;יגע;verb;пиэль;утомлять, наводить тоску
להתייגע;יגע;verb;hитпаэль;уставать, мучиться
יגור;יגר;verb;пааль;бояться, трепетать перед чемлибо  
להתיידד;ידד;verb;hитпаэль;подружиться с кемлибо 
להודות;ידה;verb;hифъиль;признаваться, выражать признательность благодарить 
לידות;ידה;verb;пааль;бросать, метать 
ליידות;ידה;verb;пиэль;метать , бросать
לדעת;ידע;verb;пааль;знать
להודיע;ידע;verb;hифъиль;извещать, сообщать комулибо 
להיוודע;ידע;verb;нифъаль;становиться известным комулибо 
ליידע;ידע;verb;пиэль;определить проинформировать
להתייוון;יון;verb;hитпаэль;эллинизироваться, перенимать греческую культуру 
להוזיל;יזל;verb;hифъиль;удешевлять на скольколибо 
ליזום;יזם;verb;пааль;предпринять
להזיע;יזע;verb;hифъиль;потеть
להתייחד;יחד;verb;hитпаэль;уединяться
לייחד;יחד;verb;пиэль;выделять, обособить
לייחל;יחל;verb;пиэль;ожидать, надеяться, уповать 
להתייחס;יחס;verb;hитпаэль;относиться к чемулибо 
לייחס;יחס;verb;пиэль;устанавливать принадлежность, относить, приписывать чтолибо к чемулибо 
להיטיב;יטב;verb;hифъиль;делать добро, улучшать
להוכיח;יכח;verb;hифъиль;доказать  
להיווכח;יכח;verb;нифъаль;удостоверяться в чемлибо 
לוכל;יכל;verb;пааль;мочь, быть способным 
ללדת;ילד;verb;пааль;рожать
להוליד;ילד;verb;hифъиль;порождать
להיוולד;ילד;verb;нифъаль;рождаться
להתיילד;ילד;verb;hитпаэль;вести себя как ребенок, ребячиться
ליילד;ילד;verb;пиэль;принимать роды
ליילל;ילל;verb;пиэль;скулить, вопить
להימין;ימן;verb;hифъиль;повернуть вправо поправеть, сместиться вправо 
להתיימר;ימר;verb;hитпаэль;строить из себя, бахвалиться, кичиться
להונות;ינה;verb;hифъиль;обмануть, облапошить
ליינן;ינן;verb;пиэль;ионизировать
להיניק;ינק;verb;hифъиль;кормить грудью
לינוק;ינק;verb;пааль;сосать , впитывать, черпать силы
ליסוד;יסד;verb;пааль;основывать, положить начало
להיווסד;יסד;verb;нифъаль;быть основанным
לייסד;יסד;verb;пиэль;основывать, положить начало
יוסף;יסף;verb;пааль;добавлять, продолжать 
להוסיף;יסף;verb;hифъиль;добавлять, добавляться, продолжить
להיווסף;יסף;verb;нифъаль;быть добавленным к чемулибо 
להיתוסף;יסף;verb;hитпаэль;добавляться, присоединяться
להתייסר;יסר;verb;hитпаэль;мучиться, терзаться
לייסר;יסר;verb;пиэль;наказывать, терзать
להיוועד;יעד;verb;нифъаль;быть предназначенным собираться вместе
מועד;יעד;verb;hуфъаль;быть предназначенным для коголибо, чеголибо 
ליעוד;יעד;verb;пааль;назначать, указывать, предназначать 
לייעד;יעד;verb;пиэль;назначать, предназначать
להיוועז;יעז;verb;нифъаль;осмеливаться, решаться
להועיל;יעל;verb;hифъиль;приносить пользу 
לייעל;יעל;verb;пиэль;повышать эффективность чеголибо 
ליעוף;יעף;verb;пааль;устать, быть уставшим
לעוץ;יעץ;verb;пааль;советовать комулибо чтолибо 
להתייעץ;יעץ;verb;hитпаэль;совещаться  
להיוועץ;יעץ;verb;нифъаль;советоваться с кемлибо 
לייעץ;יעץ;verb;пиэль;советовать консультировать
להתייפח;יפח;verb;hитпаэль;рыдать навзрыд
לייפות;יפה;verb;пиэль;приукрасить
ליפות;יפה;verb;пааль;хорошеть, становиться красивее
להתייפייף;יפיף;verb;hитпаэль;прихорашиваться
להופיע;יפע;verb;hифъиль;появляться, выходить в свет выступать 
לצאת;יצא;verb;пааль;выходить
להוציא;יצא;verb;hифъиль;выводить удалять выпускать, публиковать 
לייצא;יצא;verb;пиэль;экспортировать
להתייצב;יצב;verb;hитпаэль;стабилизироваться являться перед кемлибо 
להציב;יצב;verb;hифъиль;ставить, установить, поставить
ניצב;יצב;verb;нифъаль;стоять 
לייצב;יצב;verb;пиэль;стабилизировать
להציג;יצג;verb;hифъиль;предъявлять, показывать
לייצג;יצג;verb;пиэль;представлять
להציע;יצע;verb;hифъиль;предлагать чтолибо комулибо 
ליצוק;יצק;verb;пааль;отливать, лить
מוצק;יצק;verb;hуфъаль;быть отлитым
להיווצק;יצק;verb;нифъаль;быть вылитым, отлитым 
ליצור;יצר;verb;пааль;творить, создавать
להיווצר;יצר;verb;нифъаль;быть сотворенным, созданным
לייצר;יצר;verb;пиэль;производить, создавать, выпускать
להצית;יצת;verb;hифъиль;поджигать, зажечь подстрекать
ליקוד;יקד;verb;пааль;пылать
להוקיע;יקע;verb;hифъиль;обличать, клеймить
ליקוץ;יקץ;verb;пааль;пробудиться, проснуться 
להתייקר;יקר;verb;hитпаэль;подорожать
להוקיר;יקר;verb;hифъиль;почитать, высоко ценить
ליקור;יקר;verb;пааль;быть дорогим, любимым, почитаемым 
לייקר;יקר;verb;пиэль;повышать цену на чтолибо 
לירוא;ירא;verb;пааль;страшиться, бояться 
להתיירא;ירא;verb;hитпаэль;бояться, страшиться 
להוריד;ירד;verb;hифъиль;спускать, снимать скачивать 
לרדת;ירד;verb;пааль;спускаться, снижаться, эмигрировать из зраиля
ליירט;ירט;verb;пиэль;сбить , принудить к посадке
לירוט;ירט;verb;пааль;извиваться 
לירות;ירה;verb;пааль;стрелять
להורות;ירה;verb;hифъиль;обучать, указывать, давать распоряжения
להיירות;ירה;verb;нифъаль;быть застреленным  
לירוק;ירק;verb;пааль;плевать
להוריק;ירק;verb;hифъиль;становиться зеленым
לרשת;ירש;verb;пааль;унаследовать
להוריש;ירש;verb;hифъиль;оставлять в наследство
להיוורש;ירש;verb;нифъаль;обеднеть 
לשבת;ישב;verb;пааль;сидеть, селиться
להתיישב;ישב;verb;hитпаэль;садиться населять
ליישב;ישב;verb;пиэль;заселять, населять улаживать, разрешать 
להושיב;ישב;verb;hифъиль;сажать 
להושיט;ישט;verb;hифъиль;предоставить, протянуть 
ליישם;ישם;verb;пиэль;претворять в жизнь, внедрять
לישון;ישן;verb;пааль;спать
להתיישן;ישן;verb;hитпаэль;обветшать, состариться потерять силу
להושיע;ישע;verb;hифъиль;спасать
להיוושע;ישע;verb;нифъаль;спастись, быть спасенным
להתיישר;ישר;verb;hитпаэль;выпрямляться
ליישר;ישר;verb;пиэль;выпрямлять, упорядочивать
להישיר;ישר;verb;hифъиль;направлять смотреть в лицо 
ליתום;יתם;verb;пааль;становиться сиротой
להתייתם;יתם;verb;hитпаэль;осиротеть
להותיר;יתר;verb;hифъиль;оставлять
להיוותר;יתר;verb;нифъаль;оставаться
לייתר;יתר;verb;пиэль;сделать ненужным
לכאוב;כאב;verb;пааль;болеть 
להכאיב;כאב;verb;hифъиль;причинять боль
להתכבד;כבד;verb;hитпаэль;иметь честь угощаться
להכביד;כבד;verb;hифъиль;отягчать, обременять
לכבוד;כבד;verb;пааль;быть тяжелым, веским 
לכבד;כבד;verb;пиэль;уважать, почитать угощать  подметать
לכבות;כבה;verb;пиэль;потушить, погасить выключить
להיכבות;כבה;verb;нифъаль;потухнуть
לכבות;כבה;verb;пааль;погаснуть, потухнуть
לכבול;כבל;verb;пааль;связывать, заковывать
להיכבל;כבל;verb;нифъаль;быть связанным, закованным
לכבס;כבס;verb;пиэль;стирать 
להכביר;כבר;verb;hифъиль;приумножать быть многословным 
להיכבש;כבש;verb;нифъаль;быть завоеванным, покоренным быть заквашенным, замаринованным
לכבוש;כבש;verb;пааль;завоевывать, покорять квасить, мариновать
להתכדר;כדר;verb;hитпаэль;съежиться, принять форму шара
לכדרר;כדרר;verb;пиэль;вести 
לכהות;כהה;verb;пааль;быть темным, темнеть
להתכהות;כהה;verb;hитпаэль;темнеть, становиться темным
לכהן;כהן;verb;пиэль;исполнять обязанности священника  занимать высокую должность
לכוות;כוה;verb;пааль;обжечь, ошпарить
להיכוות;כוה;verb;нифъаль;обжечься, ошпариться
להכיל;כול;verb;hифъиль;вмещать, содержать
להכין;כון;verb;hифъиль;готовить
לכוון;כון;verb;пиэль;направлять, настраивать, целиться
לכונן;כון;verb;пиэль;основывать, устанавливать
להתכוון;כון;verb;hитпаэль;намереваться, иметь в виду
להתכונן;כון;verb;hитпаэль;готовиться
להיכון;כון;verb;нифъаль;готовиться, быть готовым быть верным, быть правильным
להכווין;כון;verb;hифъиль;направлять 
לכווץ;כוץ;verb;пиэль;сжимать, сокращать
להתכווץ;כוץ;verb;hитпаэль;сжиматься
לכזב;כזב;verb;пиэль;лгать, обманывать 
להיכזב;כזב;verb;нифъаль;провалиться, не удаться
להכזיב;כזב;verb;hифъиль;разочаровать
להיכחד;כחד;verb;нифъаль;вымереть, быть уничтоженным быть скрытым 
להכחיד;כחד;verb;hифъиль;уничтожать, истреблять утаивать 
להכחיל;כחל;verb;hифъиль;посинеть окрасить в синий цвет
להכחיש;כחש;verb;hифъиль;отрицать
להתכחש;כחש;verb;hитпаэль;отрекаться от чеголибо 
לכייל;כיל;verb;пиэль;калибровать
לכייס;כיס;verb;пиэль;воровать из карманов
לכייף;כיף;verb;пиэль;кайфовать, хорошо проводить время
לככב;ככב;verb;пиэль;выступать в качестве звезды, играть роль
לכלוא;כלא;verb;пааль;арестовывать, заключать в тюрьму
להיכלא;כלא;verb;нифъаль;быть арестованным, заключенным в тюрьму
להכליב;כלב;verb;hифъиль;скреплять  сметывать, временно сшивать
לכלות;כלה;verb;пиэль;заканчивать, завершать уничтожать
לכלות;כלה;verb;пааль;заканчиваться, завершаться
להתכלות;כלה;verb;hитпаэль;иссякнуть, закончиться
להתכלכל;כלכל;verb;hитпаэль;зарабатывать на жизнь
לכלכל;כלכל;verb;пиэль;снабжать, обеспечивать
להיכלל;כלל;verb;нифъаль;быть включенным 
להכליל;כלל;verb;hифъиль;обобщать включать в себя
לכלול;כלל;verb;пааль;включать, содержать обобщать
להכלים;כלם;verb;hифъиль;позорить, оскорблять
להיכלם;כלם;verb;нифъаль;стыдиться 
לכמוה;כמה;verb;пааль;страстно желать чеголибо 
לכמת;כמת;verb;пиэль;оценивать количественно 
לכנות;כנה;verb;пиэль;называть, давать прозвище
להתכנות;כנה;verb;hитпаэль;называться, быть прозванным
להיכנס;כנס;verb;нифъаль;входить
להכניס;כנס;verb;hифъиль;вводить, вносить
לכנס;כנס;verb;пиэль;собирать вместе, созывать
להתכנס;כנס;verb;hитпаэль;собираться вместе
להכניע;כנע;verb;hифъиль;покорять
להיכנע;כנע;verb;нифъаль;сдаться
לכסח;כסח;verb;пиэль;стричь  бить, критиковать 
לכסות;כסה;verb;пиэль;накрывать, укрывать
להתכסות;כסה;verb;hитпаэль;накрываться, укрываться 
לכסוס;כסס;verb;пааль;грызть ногти
להכסיף;כסף;verb;hифъиль;серебрить серебриться
להיכסף;כסף;verb;нифъаль;страстно желать 
לכעוס;כעס;verb;пааль;сердиться, злиться 
להכעיס;כעס;verb;hифъиль;сердить, злить
לכער;כער;verb;пиэль;обезобразить, изуродовать
לכפות;כפה;verb;пааль;заставлять, принуждать, навязывать
להיכפות;כפה;verb;нифъаль;быть заставленным, принужденным
לכפול;כפל;verb;пааль;удваивать , умножать 
להכפיל;כפל;verb;hифъиль;удваивать умножать
להכפיף;כפף;verb;hифъиль;подчинять, подвергать
לכופף;כפף;verb;пиэль;гнуть, сгибать
להתכופף;כפף;verb;hитпаэль;гнуться, сгибаться
לכוף;כפף;verb;пааль;наклонять, нагибать принуждать 
להיכפף;כפף;verb;нифъаль;согнуться, сгорбиться
לכפור;כפר;verb;пааль;отрицать, не веровать
לכפר;כפר;verb;пиэль;прощать, отпускать грех
להכפיש;כפש;verb;hифъиль;оклеветать, опозорить
לכפות;כפת;verb;пааль;связывать 
להיכפת;כפת;verb;нифъаль;быть связанным
לכפתר;כפתר;verb;пиэль;застегивать
להתכרבל;כרבל;verb;hитпаэль;закутаться, свернуться калачиком
להכריז;כרז;verb;hифъиль;провозглашать, объявлять
להכריח;כרח;verb;hифъиль;заставлять, принуждать
לכרות;כרה;verb;пааль;выкапывать, добывать ископаемые
להיכרות;כרה;verb;нифъаль;добываться  быть выкопанным
לכרוך;כרך;verb;пааль;связывать, обматывать переплетать 
להיכרך;כרך;verb;нифъаль;связываться, обматываться быть переплетенным 
לכרכר;כרכר;verb;пиэль;плясать, кружиться, прыгать
לכרסם;כרסם;verb;пиэль;грызть фрезеровать уменьшать
להכריע;כרע;verb;hифъиль;подавлять, сокрушать решать
לכרוע;כרע;verb;пааль;преклонить колени, склониться
להיכרת;כרת;verb;нифъаль;быть срезанным, ампутированным
לכרות;כרת;verb;пааль;отрезать, ампутировать
להכרית;כרת;verb;hифъиль;истреблять, уничтожать прекращать, аннулировать 
לכשכש;כשכש;verb;пиэль;вилять, махать 
להיכשל;כשל;verb;нифъаль;споткнуться потерпеть неудачу
להכשיל;כשל;verb;hифъиль;завалить , подвести
לכשול;כשל;verb;пааль;споткнуться потерпеть неудачу
לכשף;כשף;verb;пиэль;заколдовать, очаровать
להכשיר;כשר;verb;hифъиль;готовить, тренировать признавать кошерным
לכשור;כשר;verb;пааль;быть успешным быть пригодным
לכתוב;כתב;verb;пааль;писать
להיכתב;כתב;verb;нифъаль;быть написанным
להכתיב;כתב;verb;hифъиль;диктовать  диктовать 
להתכתב;כתב;verb;hитпаэль;переписываться
לכתב;כתב;verb;пиэль;адресовать добавить в получатели , высекать на камне
להכתים;כתם;verb;hифъиль;пятнать, пачкать, порочить
לכתר;כתר;verb;пиэль;окружать
להכתיר;כתר;verb;hифъиль;короновать, увенчивать
להתכתש;כתש;verb;hитпаэль;драться, бороться
לכתוש;כתש;verb;пааль;дробить, толочь, размельчать
לכתות;כתת;verb;пааль;крошить, дробить 
להלאות;לאה;verb;hифъиль;утомлять
ללאות;לאה;verb;пааль;устать 
להלאים;לאם;verb;hифъиль;национализировать
ללבב;לבב;verb;пиэль;очаровывать, пленять  печь драники, оладьи 
להתלבט;לבט;verb;hитпаэль;колебаться, обдумывать проблему
ללבות;לבה;verb;пиэль;разжигать, раздувать 
ללבלב;לבלב;verb;пиэль;расцветать, распускаться
ללבן;לבן;verb;пиэль;раскалять добела выяснять, разбираться
להלבין;לבן;verb;hифъиль;белить белеть
ללבוש;לבש;verb;пааль;надевать, носить 
להתלבש;לבש;verb;hитпаэль;одеваться
להלביש;לבש;verb;hифъиль;одевать , наделять 
להילבש;לבש;verb;нифъаль;быть надетым 
ללגלג;לגלג;verb;пиэль;насмехаться, издеваться
ללגום;לגם;verb;пааль;глотать 
להלהיב;להב;verb;hифъиль;воодушевлять
להתלהב;להב;verb;hитпаэль;воодушевляться
להילהב;להב;verb;нифъаль;быть воодушевленным 
ללהוב;להב;verb;пааль;гореть, пылать 
ללהוט;להט;verb;пааль;гореть, пылать
להתלהט;להט;verb;hитпаэль;накаляться
ללהות;להה;verb;пааль;устать 
להתלהם;להם;verb;hитпаэль;высказываться резко, нападать, критиковать
ללהק;להק;verb;пиэль;собирать ансамбль, труппу, подбирать актеров, проводить кастинг
להתלהק;להק;verb;hитпаэль;сбиваться в стаю
להליט;לוט;verb;hифъиль;покрыть, накрыть 
ללוות;לוה;verb;пааль;брать взаймы, одалживать
להלוות;לוה;verb;hифъиль;давать взаймы
להתלוות;לוה;verb;hитпаэль;присоединяться, сопровождать
להילוות;לוה;verb;нифъаль;сопровождать, присоединяться
ללוות;לוה;verb;пиэль;сопровождать аккомпанировать
להתלונן;לון;verb;hитпаэль;жаловаться
להלין;לון;verb;hифъиль;жаловаться 
להלין;לון;verb;hифъиль;предоставять ночлег задерживать, откладывать
ללון;לון;verb;пааль;ночевать
ללוש;לוש;verb;пааль;месить 
ללחך;לחך;verb;пиэль;щипать траву сжирать, уничтожать
ללחוך;לחך;verb;пааль;щипать траву, лизать  сжирать, поглощать 
ללחום;לחם;verb;пааль;воевать, сражаться, бороться
להילחם;לחם;verb;нифъаль;воевать, сражаться, бороться
להלחים;לחם;verb;hифъиль;паять
להלחין;לחן;verb;hифъиль;сочинять музыку
להלחיץ;לחץ;verb;hифъиль;подгонять напрягать 
ללחוץ;לחץ;verb;пааль;давить, сжимать
להילחץ;לחץ;verb;нифъаль;быть под давлением быть нажатым 
ללחוש;לחש;verb;пааль;шептать
להתלחש;לחש;verb;hитпаэль;перешептываться
להתלחשש;לחשש;verb;hитпаэль;перешептываться
ללטף;לטף;verb;пиэль;гладить, ласкать
ללטוף;לטף;verb;пааль;гладить, ласкать 
ללטוש;לטש;verb;пааль;точить, затачивать  обливать холодной водой
ללטש;לטש;verb;пиэль;шлифовать, полировать
להתלוצץ;ליץ;verb;hитпаэль;шутить, подшучивать
לליץ;ליץ;verb;пааль;насмехаться 
ללכוד;לכד;verb;пааль;ловить, захватывать
ללכד;לכד;verb;пиэль;сплачивать, объединять
להתלכד;לכד;verb;hитпаэль;сплачиваться, объединяться
להילכד;לכד;verb;нифъаль;быть захваченным
ללכלך;לכלך;verb;пиэль;пачкать
להתלכלך;לכלך;verb;hитпаэль;испачкаться
ללכסן;לכסן;verb;пиэль;диагонализировать 
ללמוד;למד;verb;пааль;изучать, учить 
ללמד;למד;verb;пиэль;учить , преподавать
להילמד;למד;verb;нифъаль;изучаться 
להתלמד;למד;verb;hитпаэль;учиться  
ללעוג;לעג;verb;пааль;насмехаться, осмеивать
להלעיג;לעג;verb;hифъиль;издеваться над кемлибо  
להלעיט;לעט;verb;hифъиль;перекармливать, пичкать
ללעלע;לעלע;verb;пиэль;заикаться, говорить сдавленно 
ללעוס;לעס;verb;пааль;жевать
ללפף;לפף;verb;пиэль;наматывать, обматывать
ללפות;לפת;verb;пааль;обхватить руками
להילקח;לקח;verb;нифъаль;быть взятым
להתלקח;לקח;verb;hитпаэль;вспыхивать, загораться
לקחת;לקח;verb;пааль;брать, взять
להילקט;לקט;verb;нифъаль;быть подобранным, собранным
ללקט;לקט;verb;пиэль;собирать, подбирать
להתלקט;לקט;verb;hитпаэль;группироваться, собираться
ללקוט;לקט;verb;пааль;собирать 
להלקות;לקה;verb;hифъиль;сечь, пороть, наказывать
ללקות;לקה;verb;пааль;заболеть чемлибо 
ללקק;לקק;verb;пиэль;лизать, лакать
להלשין;לשן;verb;hифъиль;донести, доложить  
למאן;מאן;verb;пиэль;отказываться, не соглашаться
להימאס;מאס;verb;нифъаль;надоесть 
להמאיס;מאס;verb;hифъиль;сделать противным 
למאוס;מאס;verb;пааль;брезговать, гнушаться 
למגן;מגן;verb;пиэль;защищать, оборонять
למגנט;מגנט;verb;пиэль;намангичивать притягивать, завораживать
להתמגנט;מגנט;verb;hитпаэль;намангичиваться
למגר;מגר;verb;пиэль;свергать, уничтожать 
למוד;מדד;verb;пааль;измерять мерить, примерять 
להימדד;מדד;verb;нифъаль;измеряться
להתמודד;מדד;verb;hитпаэль;соревноваться, состязаться , справляться  
למהול;מהל;verb;пааль;разводить, разбавлять
להימהל;מהל;verb;нифъаль;быть разбавленным, смешанным
להתמהמה;מהמה;verb;hитпаэль;задерживаться, мешкать
למהר;מהר;verb;пиэль;спешить, торопиться
להימוג;מוג;verb;нифъаль;рассеяться, растаять
להתמוגג;מוג;verb;hитпаэль;наслаждаться, таять от удовольствия
למוטט;מוט;verb;пиэль;потрясать, разрушать
להתמוטט;מוט;verb;hитпаэль;рухнуть, обрушиться
למוט;מוט;verb;пааль;шататься, трястись
להימוט;מוט;verb;нифъаль;рухнуть, упасть 
למול;מול;verb;пааль;провести обрезание
להימול;מול;verb;нифъаль;пройти обрезание
להמיר;מור;verb;hифъиль;заменять, менять деньги
למוש;מוש;verb;пааль;сдвинуться с места, пойти 
למות;מות;verb;пааль;умереть
להמית;מות;verb;hифъиль;умертвить
למזוג;מזג;verb;пааль;лить, наливать
להתמזג;מזג;verb;hитпаэль;сливаться, смешиваться, объединяться
למזג;מזג;verb;пиэль;включать кондиционер
למזג;מזג;verb;пиэль;смешивать, соединять
להתמזל;מזל;verb;hитпаэль; повезло, улыбнулась удача
להתמזמז;מזמז;verb;hитпаэль;обниматься, ласкать 
למזמז;מזמז;verb;пиэль;ласкать, лапать 
למזער;מזער;verb;пиэль;уменьшить 
למחוא;מחא;verb;пааль;хлопать 
להמחיז;מחז;verb;hифъиль;инсценировать, ставить на сцене
למחזר;מחזר;verb;пиэль;перерабатывать отходы
למחוט;מחט;verb;пааль;сморкаться
למחות;מחה;verb;пааль;протестовать стирать, истреблять
להימחות;מחה;verb;нифъаль;стираться, быть истребленным
להתמחות;מחה;verb;hитпаэль;специализироваться
למחות;מחה;verb;пиэль;протестовать 
למחול;מחל;verb;пааль;прощать, отпускать грехи
למחוץ;מחץ;verb;пааль;раздавить, размозжить
להימחץ;מחץ;verb;нифъаль;быть раздавленным
למחוק;מחק;verb;пааль;стирать, зачеркивать
להימחק;מחק;verb;нифъаль;быть стертым, зачеркнутым
להמחיש;מחש;verb;hифъиль;иллюстрировать, демонстрировать
למחשב;מחשב;verb;пиэль;компьютеризировать
להמטיר;מטר;verb;hифъиль;проливать  
למיין;מין;verb;пиэль;сортировать
להמיש;מיש;verb;hифъиль;сдвинуть, подвинуть
למכור;מכר;verb;пааль;продавать
להתמכר;מכר;verb;hитпаэль;стать зависимым  
להימכר;מכר;verb;нифъаль;быть проданным
להתמלא;מלא;verb;hитпаэль;наполняться исполняться
למלאת;מלא;verb;пааль;быть полным наполняться заканчиваться
למלא;מלא;verb;пиэль;наполнять заполнять исполнять
להמליח;מלח;verb;hифъиль;солить становиться солным
למלט;מלט;verb;пиэль;спасать, выручать
להימלט;מלט;verb;нифъаль;сбежать
להמליט;מלט;verb;hифъиль;разродиться, отелиться 
להמליך;מלך;verb;hифъиль;возводить на престол
למלוך;מלך;verb;пааль;царствовать
למלכד;מלכד;verb;пиэль;заминировать
למלל;מלל;verb;пиэль;изречь, сказать 
למלמל;מלמל;verb;пиэль;бормотать
להמליץ;מלץ;verb;hифъиль;рекомендовать
למלוק;מלק;verb;пааль;обезглавить 
לממן;ממן;verb;пиэль;финансировать
לממש;ממש;verb;пиэль;осуществлять, реализовывать
להתממש;ממש;verb;hитпаэль;осуществляться
למנות;מנה;verb;пааль;считать, насчитывать 
להימנות;מנה;verb;нифъаль;быть сосчитанным, числиться
למנות;מנה;verb;пиэль;назначить
להתמנות;מנה;verb;hитпаэль;быть назначенным 
למנן;מנן;verb;пиэль;дозировать
למנוע;מנע;verb;пааль;препятствовать, не допускать
להימנע;מנע;verb;нифъаль;быть предотвращенным воздержаться
למנף;מנף;verb;пиэль;использовать 
למסגר;מסגר;verb;пиэль;поместить в рамку 
למסד;מסד;verb;пиэль;официально оформить
להתמסד;מסד;verb;hитпаэль;официально оформиться, институционализироваться
להתמסחר;מסחר;verb;hитпаэль;коммерциализироваться
למסחר;מסחר;verb;пиэль;коммерциализировать
להתמסטל;מסטל;verb;hитпаэль;накуриться, наширяться 
למסות;מסה;verb;пиэль;обложить налогом
להתמסמס;מסמס;verb;hитпаэль;развеяться раствориться
למסמר;מסמר;verb;пиэль;прибить гвоздями
להתמוסס;מסס;verb;hитпаэль;растаять, раствориться
להמיס;מסס;verb;hифъиль;растопить, растворить
להימוס;מסס;verb;нифъаль;раствориться
למספר;מספר;verb;пиэль;нумеровать
למסור;מסר;verb;пааль;передавать, сообщать
להימסר;מסר;verb;нифъаль;быть переданным
להתמסר;מסר;verb;hитпаэль;предаваться, посвящать себя
למסרר;מסרר;verb;пиэль;отправить 
למעוד;מעד;verb;пааль;поскользнуться, споткнуться
להמעיד;מעד;verb;hифъиль;подставить подножку комулибо
למעט;מעט;verb;пиэль;уменьшать
להמעיט;מעט;verb;hифъиль;уменьшать
להתמעט;מעט;verb;hитпаэль;уменьшаться
מעט;מעט;verb;пааль;уменьшиться 
למעוך;מעך;verb;пааль;смять, раздавить
להימעך;מעך;verb;нифъаль;быть смятым, раздавленным
למעול;מעל;verb;пааль;растрачивать, злоупотреблять
למען;מען;verb;пиэль;адресовать
למעון;מען;verb;пааль;отправить 
למפות;מפה;verb;пиэль;наносить на карту
למצוא;מצא;verb;пааль;находить
להימצא;מצא;verb;нифъаль;находиться, оказываться быть найденным
להמציא;מצא;verb;hифъиль;придумать выдумать предъявить
להתמצא;מצא;verb;hитпаэль;разбираться, ориентироваться
למצב;מצב;verb;пиэль;позиционировать  размещать 
למצות;מצה;verb;пиэль;исчерпывать экстрагировать
למצות;מצה;verb;пааль;выжимать 
למצמץ;מצמץ;verb;пиэль;моргать
למצוץ;מצץ;verb;пааль;сосать
להימצץ;מצץ;verb;нифъаль;быть высосанным
להתמצק;מצק;verb;hитпаэль;отвердеть
למקד;מקד;verb;пиэль;фокусировать, сосредоточивать
להתמקד;מקד;verb;hитпаэль;фокусироваться, сосредотачиваться
להתמקח;מקח;verb;hитпаэль;торговаться
למקם;מקם;verb;пиэль;размещать, помещать
להתמקם;מקם;verb;hитпаэль;размещаться
למקסס;מקסס;verb;пиэль;миксовать  
למקף;מקף;verb;пиэль;разделять дефисом, переносить 
להתמקצע;מקצע;verb;hитпаэль;специализироваться становиться профессионалом в чемлибо 
להימק;מקק;verb;нифъаль;гнить, отмирать
למקר;מקר;verb;пиэль;закупать, искать, обеспечивать источники 
למקש;מקש;verb;пиэль;минировать
להמריא;מרא;verb;hифъиль;взлететь
למרוד;מרד;verb;пааль;бунтовать, не подчиняться
להתמרד;מרד;verb;hитпаэль;взбунтоваться
למרוח;מרח;verb;пааль;мазать, намазывать
להימרח;מרח;verb;нифъаль;быть размазанным
למרוט;מרט;verb;пааль;выдергивать, выщипывать
להמרות;מרה;verb;hифъиль;ослушаться, сделать наперекор 
למרכז;מרכז;verb;пиэль;централизовать, центрировать
להתמרכז;מרכז;verb;hитпаэль;концентрироваться, стать централизованным
למרמר;מרמר;verb;пиэль;огорчать , огорчаться 
להתמרמר;מרמר;verb;hитпаэль;возмущаться, негодовать
למרפק;מרפק;verb;пиэль;расталкивать локтями
להמריץ;מרץ;verb;hифъиль;побуждать, стимулировать
למרק;מרק;verb;пиэль;полировать очищать от греха 
להמר;מרר;verb;hифъиль;горько плакать  делать чьюто жизнь горькой 
למרר;מרר;verb;пиэль;огорчать
להמשיג;משג;verb;hифъиль;концептуализировать
למשוח;משח;verb;пааль;помазать 
למשות;משה;verb;пааль;извлечь из воды
להימשות;משה;verb;нифъаль;быть вытащенным 
למשוך;משך;verb;пааль;тянуть, тащить
להימשך;משך;verb;нифъаль;длиться, продолжаться тянуться 
להתמשך;משך;verb;hитпаэль;продолжаться, простираться
להמשיך;משך;verb;hифъиль;продолжать
למשכן;משכן;verb;пиэль;закладывать, отдавать в залог
למשול;משל;verb;пааль;управлять, властвовать
להמשיל;משל;verb;hифъиль;уподоблять назначить на пост 
להימשל;משל;verb;нифъаль;сравниваться уподобляться
למשמע;משמע;verb;пиэль;дисциплинировать
למשמש;משמש;verb;пиэль;ощупывать
למשש;משש;verb;пиэль;ощупывать осязать
למתג;מתג;verb;пиэль;рекламировать, помечать
למתוח;מתח;verb;пааль;натягивать, тянуть
להימתח;מתח;verb;нифъаль;быть растянутым, натянутым
להתמתח;מתח;verb;hитпаэль;протягиваться, тянуться
למתן;מתן;verb;пиэль;умерять, замедлять
להמתין;מתן;verb;hифъиль;ждать
להמתיק;מתק;verb;hифъиль;подслащивать опреснять
לנאות;נאה;verb;пааль;быть приятным
לנאום;נאם;verb;пааль;говорить, выступать с речью
לנאף;נאף;verb;пиэль;прелюбодействовать
לנאוף;נאף;verb;пааль;прелюбодействовать
לנאץ;נאץ;verb;пиэль;оскорблять 
לנאוק;נאק;verb;пааль;стонать, стенать 
לנבא;נבא;verb;пиэль;пророчествовать, предвидеть
להתנבא;נבא;verb;hитпаэль;пророчествовать, предвидеть
להינבא;נבא;verb;нифъаль;пророчествовать, предвидеть
לנבוח;נבח;verb;пааль;лаять
להנביט;נבט;verb;hифъиль;проращивать
להביט;נבט;verb;hифъиль;смотреть
לנבוט;נבט;verb;пааль;прорастать
לנבול;נבל;verb;пааль;вянуть, увядать
לנבוע;נבע;verb;пааль;вытекать, бить ключом проистекать, происходить
להביע;נבע;verb;hифъиль;выражать, высказывать
לנבור;נבר;verb;пааль;копаться, рыться
לנגב;נגב;verb;пиэль;вытирать
להתנגב;נגב;verb;hитпаэль;вытираться
להנגיד;נגד;verb;hифъиль;противопоставлять
להתנגד;נגד;verb;hитпаэль;противостоять, сопротивляться
להגיד;נגד;verb;hифъиль;сказать, поведать 
לנגוד;נגד;verb;пааль;быть противоположным, противоречить
לנגוה;נגה;verb;пааль;сиять, светиться
להגיה;נגה;verb;hифъиль;корректировать, править светить 
לנגוח;נגח;verb;пааль;бодать, ударить головой
לנגן;נגן;verb;пиэль;играть  
להתנגן;נגן;verb;hитпаэль;играться, воспроизводиться 
לנגוס;נגס;verb;пааль;надкусывать, откусывать
להגיע;נגע;verb;hифъиль;прибыть, достичь наступить 
לגעת;נגע;verb;пааль;трогать, касаться 
לנגע;נגע;verb;пиэль;заразить, поразить болезнью 
להינגע;נגע;verb;нифъаль;прикоснуться 
להינגף;נגף;verb;нифъаль;потерпеть поражение 
להינגר;נגר;verb;нифъаль;течь, струиться
לנגר;נגר;verb;пиэль;течь, струиться
לגשת;נגש;verb;пааль;приближаться, подходить 
להגיש;נגש;verb;hифъиль;подавать, подносить
להנגיש;נגש;verb;hифъиль;сделать доступным 
להתנגש;נגש;verb;hитпаэль;сталкиваться противоречить 
לנדב;נדב;verb;пиэль;жертвовать, вносить
להתנדב;נדב;verb;hитпаэль;пойти добровольцем
לנדוב;נדב;verb;пааль;жертвовать, вносить
לנדוד;נדד;verb;пааль;скитаться, кочевать, странствовать
להדיח;נדח;verb;hифъиль;снять с должности, устранить совратить
לנדות;נדה;verb;пиэль;изгонять, отлучать, бойкотировать
לנדנד;נדנד;verb;пиэль;качать, покачивать надоедать  
להתנדנד;נדנד;verb;hитпаэль;качаться, покачиваться, колебаться
להתנדף;נדף;verb;hитпаэль;испаряться, рассеиваться
להינדף;נדף;verb;нифъаль;развеяться, рассеяться, испариться
להדיף;נדף;verb;hифъиль;испускать, источать
לנדוף;נדף;verb;пааль;пахнуть, исходить 
לידור;נדר;verb;пааль;давать обет, обещать
להדיר;נדר;verb;hифъиль;исключать
להתנהג;נהג;verb;hитпаэль;вести себя
לנהוג;נהג;verb;пааль;вести   иметь обыкновение
להנהיג;נהג;verb;hифъиль;руководить, возглавлять вводить, устанавливать 
לנהל;נהל;verb;пиэль;управлять, руководить, заведовать
להתנהל;נהל;verb;hитпаэль;идти, вестись 
לנהום;נהם;verb;пааль;рычать, ворчать
לנהוק;נהק;verb;пааль;кричать, реветь 
לנהור;נהר;verb;пааль;течь, стекаться сиять
להניא;נוא;verb;hифъиль;отговаривать, разубеждать
להניב;נוב;verb;hифъиль;давать урожай, приносить прибыль
לנוב;נוב;verb;пааль;расцветать, процветать 
לנוד;נוד;verb;пааль;скитаться 
להתנודד;נוד;verb;hитпаэль;шататься, колебаться
להניד;נוד;verb;hифъиль;качать  
לנוח;נוח;verb;пааль;отдыхать, покоиться
להניח;נוח;verb;hифъиль;оставить в покое  позволить
להניח;נוח;verb;hифъиль;класть предполагать
לנווט;נוט;verb;пиэль;вести 
נאווה;נוה;verb;пааль;быть приятным, подходящим 
לנוות;נוה;verb;пааль;жить 
לנום;נום;verb;пааль;дремать
להתנוון;נון;verb;hитпаэль;атрофироваться, вырождаться
לנוון;נון;verb;пиэль;вызывать атрофию
להניס;נוס;verb;hифъиль;прогонять, обращать в бегство
לנוס;נוס;verb;пааль;убегать, спасаться бегством
לנוע;נוע;verb;пааль;двигаться
להניע;נוע;verb;hифъиль;двигать приводить в движение
להתנועע;נוע;verb;hитпаэль;двигаться, раскачиваться
לנופף;נוף;verb;пиэль;махать, размахивать
להתנופף;נוף;verb;hитпаэль;развеваться
להניף;נוף;verb;hифъиль;поднимать, водружать
להזות;נזה;verb;hифъиль;обрызгивать 
להזות;נזה;verb;hифъиль;кропить, обрызгивать 
להנזיל;נזל;verb;hифъиль;превратить в жидкость
לנזול;נזל;verb;пааль;течь протекать
להזיל;נזל;verb;hифъиль;лить, проливать лить 
להינזף;נזף;verb;нифъаль;получить выговор
לנזוף;נזף;verb;пааль;упрекать, делать выговор
להזיק;נזק;verb;hифъиль;вредить, причинять ущерб
להינזק;נזק;verb;нифъаль;быть поврежденным, нести ущерб
להתנזר;נזר;verb;hитпаэль;воздерживаться становиться отшельником
להנחות;נחה;verb;hифъиль;вести, руководить, управлять инструктировать
לנחול;נחל;verb;пааль;наследовать, получать во владение
להנחיל;נחל;verb;hифъиль;оставить в наследство, передать во владение
להתנחל;נחל;verb;hитпаэль;поселиться, стать поселенцем
לנחם;נחם;verb;пиэль;утешать
להינחם;נחם;verb;нифъаль;сожалеть, раскаиваться 
להתנחם;נחם;verb;hитпаэль;утешаться
להתנחמד;נחמד;verb;hитпаэль;подхалимничать, любезничать, подлизываться
לנחור;נחר;verb;пааль;храпеть забивать скот 
לנחש;נחש;verb;пиэль;угадывать, догадываться предполагать
לנחות;נחת;verb;пааль;приземляться
להנחית;נחת;verb;hифъиль;высаживать  спускать  
לנטות;נטה;verb;пааль;склоняться, иметь склонность склоняться, спрягаться 
להטות;נטה;verb;hифъиль;наклонять склонять, спрягать 
להינטות;נטה;verb;нифъаль;спрягаться 
ליטול;נטל;verb;пааль;класть, возлагать брать 
להינטע;נטע;verb;нифъаль;быть посаженный 
לטעת;נטע;verb;пааль;сажать, насаждать
לנטוף;נטף;verb;пааль;капать
להטיף;נטף;verb;hифъиль;проповедовать читать мораль, читать нотации капать 
לנטור;נטר;verb;пааль;стеречь, сторожить 
לנטר;נטר;verb;пиэль;наблюдать за чемлибо 
לנטרל;נטרל;verb;пиэль;нейтрализовать
לנטוש;נטש;verb;пааль;оставлять, покидать
להינטש;נטש;verb;нифъаль;распространяться, идти, вестись 
להינטש;נטש;verb;нифъаль;быть оставленным, покинутым
להתנייד;ניד;verb;hитпаэль;передвигаться, ездить мобилизироваться
לנכוח;נכח;verb;пааль;присутствовать, посещать
להנכיח;נכח;verb;hифъиль;обеспечивать присутствие 
להכות;נכה;verb;hифъиль;бить, ударять, поражать
לנכות;נכה;verb;пиэль;вычитать, удерживать 
להתנכל;נכל;verb;hитпаэль;тревожить, нападать замышлять зло 
להינכר;נכר;verb;нифъаль;восприниматься, быть известным 
לנכר;נכר;verb;пиэль;отчуждать, отстранять
להכיר;נכר;verb;hифъиль;знать, быть знакомым, знакомиться 
להתנכר;נכר;verb;hитпаэль;чуждаться
להכיש;נכש;verb;hифъиль;жалить 
להנמיך;נמך;verb;hифъиль;понижать, снижать делать тише
לנמנם;נמנם;verb;пиэль;дремать
להתנמנם;נמנם;verb;hитпаэль;задремать
לנמק;נמק;verb;пиэль;аргументировать, мотивировать
להסיג;נסג;verb;hифъиль;отзывать, отводить назад 
להסיח;נסח;verb;hифъиль;отодвигать, удалять 
לנסח;נסח;verb;пиэль;формулировать, выражать словами
לנסות;נסה;verb;пиэль;пробовать, экспериментировать, пытаться
להתנסות;נסה;verb;hитпаэль;быть искушнным, набраться опыта
לנסוך;נסך;verb;пааль;возливать, окроплять 
להתנוסס;נסס;verb;hитпаэль;реять  выделяться, быть заметным
לנסוע;נסע;verb;пааль;ездить
להסיע;נסע;verb;hифъиль;возить, перевозить, транспортировать
להסיק;נסק;verb;hифъиль;делать вывод, заключать
להסיק;נסק;verb;hифъиль;зажигать, поджигать
לנסוק;נסק;verb;пааль;взлететь, воспарить
לנסר;נסר;verb;пиэль;пилить, распиливать
לנסור;נסר;verb;пааль;пилить, распиливать 
לנעול;נעל;verb;пааль;надеть, носить 
לנעול;נעל;verb;пааль;запереть, закрыть
להנעיל;נעל;verb;hифъиль;обувать
להינעל;נעל;verb;нифъаль;закрываться, запираться
לנעום;נעם;verb;пааль;быть приятным
להנעים;נעם;verb;hифъиль;делать приятным
לנענע;נענע;verb;пиэль;качать, покачивать
להתנענע;נענע;verb;hитпаэль;качаться, раскачиваться
לנעוץ;נעץ;verb;пааль;воткнуть, вонзить
להינעץ;נעץ;verb;нифъаль;воткнуться, вонзиться, застрять 
לנער;נער;verb;пиэль;встряхивать, вытряхивать, взбалтывать
להתנער;נער;verb;hитпаэль;отряхиваться
להינער;נער;verb;нифъаль;встрепенуться
לנעור;נער;verb;пааль;кричать 
לנפוח;נפח;verb;пааль;дуть, выдыхать, раздувать
לנפח;נפח;verb;пиэль;надувать, вздувать, раздувать
להתנפח;נפח;verb;hитпаэль;раздуваться, надуваться
לנפות;נפה;verb;пиэль;просеивать, пропускать через сито
להפיל;נפל;verb;hифъиль;сбрасывать, ронять, свергать
ליפול;נפל;verb;пааль;падать
להתנפל;נפל;verb;hитпаэль;нападать, набрасываться
לנפנף;נפנף;verb;пиэль;махать, размахивать
לנפץ;נפץ;verb;пиэль;разбивать вдребезги
להתנפץ;נפץ;verb;hитпаэль;разбиваться, лопнуть
להנפיק;נפק;verb;hифъиль;осуществлять эмиссию , выдавать документы
להפיק;נפק;verb;hифъиль;добывать, извлекать 
להנפיש;נפש;verb;hифъиль;оживить, сделать живым 
לנפוש;נפש;verb;пааль;отдыхать, быть в отпуске
לנצח;נצח;verb;пиэль;побеждать дирижировать, управлять
להתנצח;נצח;verb;hитпаэль;остро дискутировать, спорить
להנציח;נצח;verb;hифъиль;увековечивать, сохранять память
להציל;נצל;verb;hифъиль;спасать
להינצל;נצל;verb;нифъаль;спастись, выжить
לנצל;נצל;verb;пиэль;использовать эксплуатировать
להתנצל;נצל;verb;hитпаэль;оправдываться, извиняться
לנצנץ;נצנץ;verb;пиэль;поблскивать, блеснуть
להתנוצץ;נצץ;verb;hитпаэль;блестеть, сверкать
להנץ;נצץ;verb;hифъиль;выпустить бутоны, листья
לנצוץ;נצץ;verb;пааль;блестеть
להתנצר;נצר;verb;hитпаэль;креститься, принять христианство
לנצור;נצר;verb;пааль;охранять поставить на предохранитель 
לנקוב;נקב;verb;пааль;назвать, точно указать  пробить отверстие
לנקד;נקד;verb;пиэль;огласовывать, проставлять знаки огласовки 
להתנקז;נקז;verb;hитпаэль;стекать стекаться
לנקז;נקז;verb;пиэль;дренировать, осушать
להינקט;נקט;verb;нифъаль;быть принятым 
לנקוט;נקט;verb;пааль;принимать  
לנקות;נקה;verb;пиэль;чистить, очищать, делать уборку
להתנקות;נקה;verb;hитпаэль;очищаться оправдываться
לנקום;נקם;verb;пааль;мстить 
להתנקם;נקם;verb;hитпаэль;отомстить, отыграться на комлибо 
להינקם;נקם;verb;нифъаль;отомстит, мстить  
לנקוע;נקע;verb;пааль;вывихнуть
להקיף;נקף;verb;hифъиль;окружать, ходить вокруг включать, охватывать
לנקוף;נקף;verb;пааль;ударять истекать, проходить 
לנקר;נקר;verb;пиэль;долбить, клевать выкалывать
לנקוש;נקש;verb;пааль;стучать, ударять
להתנקש;נקש;verb;hитпаэль;покушаться
להקיש;נקש;verb;hифъиль;стучать ударять по клавишам
להתנשא;נשא;verb;hитпаэль;возвеличиваться, возноситься важничать
לשאת;נשא;verb;пааль;нести терпеть, выносить жениться произносить речь
להינשא;נשא;verb;нифъаль;быть поднятым быть произнесенным  жениться, выходить замуж
להשיא;נשא;verb;hифъиль;женить, выдавать замуж поженить перевести разговор на другую тему
לנשב;נשב;verb;пиэль;дуть 
לנשוב;נשב;verb;пааль;дуть 
להשיג;נשג;verb;hифъиль;доставать, добывать догонять
לנשות;נשה;verb;пааль;забывать 
לנשך;נשך;verb;пиэль;укусить, ужалить
לנשוך;נשך;verb;пааль;укусить
להינשך;נשך;verb;нифъаль;быть укушенным
לנשל;נשל;verb;пиэль;изгонять, выселять, отнимать 
לנשול;נשל;verb;пааль;сбрасывать кожу , разуваться 
להשיל;נשל;verb;hифъиль;сбрасывать 
לנשום;נשם;verb;пааль;дышать
להתנשם;נשם;verb;hитпаэль;тяжело дышать
להנשים;נשם;verb;hифъиль;делать искусственное дыхание
לנשנש;נשנש;verb;пиэль;перекусывать, перехватывать еду
לנשוף;נשף;verb;пааль;дуть, выдыхать играть 
להתנשף;נשף;verb;hитпаэль;пыхтеть, тяжело дышать
לנשף;נשף;verb;пиэль;дуть 
לנשק;נשק;verb;пиэль;целовать
להשיק;נשק;verb;hифъиль;соприкасаться, пересекаться спускать на воду судно, вводить в строй 
להתנשק;נשק;verb;hитпаэль;целоваться
לנשוק;נשק;verb;пааль;целовать  
לנשור;נשר;verb;пааль;падать, выпадать быть исключенным 
להנשיר;נשר;verb;hифъиль;изгонять, исключать
להשיר;נשר;verb;hифъиль;линять терять листву
לנתב;נתב;verb;пиэль;указывать направление направлять в нужное русло
להתיז;נתז;verb;hифъиль;брызгать, кропить
להינתז;נתז;verb;нифъаль;разбрызгиваться, быть разбрызгиваемым
לנתח;נתח;verb;пиэль;оперировать анализировать, разбирать
להתיך;נתך;verb;hифъиль;расплавлять
לתת;נתן;verb;пааль;давать позволять
להינתן;נתן;verb;нифъаль;быть данным быть разрешенным, возможным
לנתץ;נתץ;verb;пиэль;разбивать, дробить
להתיק;נתק;verb;hифъиль;перевести, перенести 
להינתק;נתק;verb;нифъаль;оторваться, быть отрезанным
להתנתק;נתק;verb;hитпаэль;отдаляться от чеголибо, рвать связь
לנתק;נתק;verb;пиэль;отрывать, отключать положить телефонную трубку
לנתר;נתר;verb;пиэль;скакать, прыгать
להתיר;נתר;verb;hифъиль;развязывать, распутывать решать  разрешать  позволять, разрешать
להתיש;נתש;verb;hифъиль;изнурять, изматывать
להסתאב;סאב;verb;hитпаэль;оскверняться, разлагаться  
לסאון;סאן;verb;пааль;шуметь 
להסתובב;סבב;verb;hитпаэль;кружиться, крутиться, вращаться слоняться без дела
להיסוב;סבב;verb;нифъаль;окружать фокусироваться 
לסובב;סבב;verb;пиэль;вращать, вертеть
לסוב;סבב;verb;пааль;повернуться, вращаться
לסבב;סבב;verb;пиэль;вызывать, быть причиной окружать
להסב;סבב;verb;hифъиль;кружить, водить вокруг, менять
לסבך;סבך;verb;пиэль;спутывать осложнять
להסתבך;סבך;verb;hитпаэль;запутаться
לסבול;סבל;verb;пааль;страдать терпеть
לסבלט;סבלט;verb;пиэль;сдать в субаренду 
לסבן;סבן;verb;пиэль;мылить, намыливать дурачить, обманывать 
להסתבן;סבן;verb;hитпаэль;намыливаться
לסבסד;סבסד;verb;пиэль;субсидировать
להסביר;סבר;verb;hифъиль;объяснять
לסבור;סבר;verb;пааль;думать, предполагать
להסתבר;סבר;verb;hитпаэль;выясняться, оказываться
לסגוד;סגד;verb;пааль;поклоняться, падать ниц, обожествлять
לסגל;סגל;verb;пиэль;приспосабливать приводить в соответствие
להסתגל;סגל;verb;hитпаэль;осваиваться приспосабливаться
לסגנן;סגנן;verb;пиэль;стилизовать улучшать стиль
לסגסג;סגסג;verb;пиэль;сплавлять, изготовлять сплав
להסתגף;סגף;verb;hитпаэль;изнурять себя
לסגף;סגף;verb;пиэль;истязать, умерщвлять  плоть
לסגור;סגר;verb;пааль;закрывать, замыкать выключать 
להיסגר;סגר;verb;нифъаль;закрыться
להסגיר;סגר;verb;hифъиль;выдавать  экстрадировать
להסתגר;סגר;verb;hитпаэль;запираться, замыкаться
להיסדק;סדק;verb;нифъаль;растрескаться
לסדק;סדק;verb;пиэль;раскалывать, вызывать трещины
לסדוק;סדק;verb;пааль;раскалывать, вызывать трещины
לסדר;סדר;verb;пиэль;располагать в порядке, упорядочивать, налаживать
להסדיר;סדר;verb;hифъиль;организовывать, устраивать улаживать
להסתדר;סדר;verb;hитпаэль;устраиваться, улаживаться справиться, поладить
לסגת;סוג;verb;нифъаль;отступать
לסווג;סוג;verb;пиэль;сортировать, классифицировать делать секретным, засекречивать
להסתודד;סוד;verb;hитпаэль;секретничать, перешептываться
להסוות;סוה;verb;hифъиль;маскировать
לסור;סור;verb;пааль;отклоняться, отворачиваться  зайти, навестить 
להסית;סות;verb;hифъиль;подстрекать, натравлять
לסחוב;סחב;verb;пааль;тащить, волочить
להיסחב;סחב;verb;нифъаль;быть утащенным быть украденным
לסחוט;סחט;verb;пааль;выжимать вымогать, шантажировать
להיסחט;סחט;verb;нифъаль;быть выжатым подвергаться шантажу
לסחוף;סחף;verb;пааль;смывать, нести потоком, ветром
להיסחף;סחף;verb;нифъаль;быть унеснным 
לסחור;סחר;verb;пааль;торговать  
לסחרר;סחרר;verb;пиэль;вращать, вызывать головокружение
להסתחרר;סחרר;verb;hитпаэль;чувствовать головокружение
לסטות;סטה;verb;пааль;отклониться, свернуть с пути
לסטור;סטר;verb;пааль;давать пощчину
להסתייג;סיג;verb;hитпаэль;воздерживаться, делать оговорки
לסייג;סיג;verb;пиэль;ограничить
לסייד;סיד;verb;пиэль;белить
להסיח;סיח;verb;hифъиль;говорить, беседовать 
לסיח;סיח;verb;пааль;сказать, поведать 
להסיט;סיט;verb;hифъиль;отводить, отвлекать
להסתיים;סים;verb;hитпаэль;заканчиваться, завершаться
לסיים;סים;verb;пиэль;закончить, завершить
לסייע;סיע;verb;пиэль;помогать, содействовать, поддерживать
להסתייע;סיע;verb;hитпаэль;получать помощь, содействие
להסיר;סיר;verb;hифъиль;снимать, убирать, устранять
לסייר;סיר;verb;пиэль;гулять, ходить на экскурсию, ходить в разведку
לסכוך;סכך;verb;пааль;прикрыть свое тело 
לסוכך;סכך;verb;пиэль;прикрывать, укрывать
לסכך;סכך;verb;пиэль;прикрыть  шалаш, сукку
לסכל;סכל;verb;пиэль;расстроить  предотвратить
להסתכל;סכל;verb;hитпаэль;смотреть, созерцать, наблюдать 
לסכם;סכם;verb;пиэль;подводить итоги, резюмировать
להסכים;סכם;verb;hифъиль;соглашаться
לסכום;סכם;verb;пааль;подводить итоги, суммировать 
להסתכם;סכם;verb;hитпаэль;выражаться в сумме, давать в итоге
לסכן;סכן;verb;пиэль;подвергать опасности
להסכין;סכן;verb;hифъиль;привыкать к чемулибо, смиряться 
להסתכן;סכן;verb;hитпаэль;подвергаться опасности, рисковать собой
להסתכסך;סכסך;verb;hитпаэль;вступить в конфликт, перессориться
לסכסך;סכסך;verb;пиэль;провоцировать конфликт
לסכור;סכר;verb;пааль;перегораживать 
להסכית;סכת;verb;hифъиль;прислушиваться 
לסלוד;סלד;verb;пааль;брезговать, чувствовать отвращение
לסלוח;סלח;verb;пааль;прощать, извинять
להיסלח;סלח;verb;нифъаль;быть прощенным
להיסלל;סלל;verb;нифъаль;быть проложенным 
לסלול;סלל;verb;пааль;прокладывать дорогу, мостить
להסלים;סלם;verb;hифъиль;эскалировать, обострять
להסתלסל;סלסל;verb;hитпаэль;завиваться, виться 
לסלסל;סלסל;verb;пиэль;завивать , издавать трели
לסלף;סלף;verb;пиэль;искажать, фальсифицировать, извращать
לסלק;סלק;verb;пиэль;устранять, удалять, ликвидировать
להסתלק;סלק;verb;hитпаэль;уходить, убираться
לסמא;סמא;verb;пиэль;ослеплять 
להסתמא;סמא;verb;hитпаэль;ослепнуть, быть ослепленным быть ошеломленным
לסמוך;סמך;verb;пааль;полагаться, опираться на чтолибо 
להיסמך;סמך;verb;нифъаль;опираться, основываться на чемлибо 
להסמיך;סמך;verb;hифъиль;дипломировать, уполномочивать сгущать, делать густым сближать 
להסתמך;סמך;verb;hитпаэль;опираться, полагаться
לסמל;סמל;verb;пиэль;символизировать, обозначать
לסמם;סמם;verb;пиэль;одурманить , обезболивать
לסמן;סמן;verb;пиэль;обозначить, разметить
להסתמן;סמן;verb;hитпаэль;обозначаться, намечаться
לסמס;סמס;verb;пиэль;послать  комулибо  
לסמפט;סמפת;verb;пиэль;симпатизировать 
להסמיק;סמק;verb;hифъиль;краснеть 
לסמור;סמר;verb;пааль;ощетиниваться вставать дыбом 
לסמר;סמר;verb;пиэль;прибить, приклеить ощетиниваться, вставать дыбом 
לסמרר;סמרר;verb;пиэль;вызвать трепет 
לסנגר;סנגר;verb;пиэль;защищать  
לסנדל;סנדל;verb;пиэль;заблокировать колеса автомобиля 
להסתנוור;סנור;verb;hитпаэль;быть ослепленным 
לסנוור;סנור;verb;пиэль;ослепить 
להסתנוור;סנור;verb;hитпаэль;ослепнуть 
לסנכרן;סנכרן;verb;пиэль;синхронизировать
להסתנכרן;סנכרן;verb;hитпаэль;синхронизироваться
לסנן;סנן;verb;пиэль;цедить, фильтровать
להסתנן;סנן;verb;hитпаэль;просачиваться, проникать
לסנף;סנף;verb;пиэль;присоединять в качестве филиала
להסתנף;סנף;verb;hитпаэль;присоединиться в качестве филиала
לסעוד;סעד;verb;пааль;кушать, есть помогать 
להסתעף;סעף;verb;hитпаэль;разветвляться
להיסער;סער;verb;нифъаль;взволноваться, рассердиться
להסתער;סער;verb;hитпаэль;штурмовать, атаковать
להסעיר;סער;verb;hифъиль;взволновать, взбудоражить
לסעור;סער;verb;пааль;бушевать , быть взбудораженным, взволнованным 
לספוג;ספג;verb;пааль;впитывать, поглощать
להיספג;ספג;verb;нифъаль;впитываться, поглощаться
להספיג;ספג;verb;hифъиль;намочить оплодотворить
לספוד;ספד;verb;пааль;произносить надгробную речь
להיספד;ספד;verb;нифъаль;быть оплакиваемым 
להספיד;ספד;verb;hифъиль;произносить надгробную речь
לספח;ספח;verb;пиэль;присоединять аннексировать
להיספח;ספח;verb;нифъаль;быть добавленным, присоединнным
לספוח;ספח;verb;пааль;вбирать, поглощать
להסתפח;ספח;verb;hитпаэль;присоединяться, аннексироваться
לספות;ספה;verb;пааль;добавить , погубить 
להיספות;ספה;verb;нифъаль;погибнуть
לספון;ספן;verb;пааль;обшивать панелями  скрывать 
לספסר;ספסר;verb;пиэль;спекулировать
לספק;ספק;verb;пиэль;снабжать, поставлять удовлетворять
להסתפק;ספק;verb;hитпаэль;довольствоваться, удовлетворяться
להספיק;ספק;verb;hифъиль;хватать, быть достаточным успевать
לספוק;ספק;verb;пааль;хлопать 
לספור;ספר;verb;пааль;считать, подсчитывать
להסתפר;ספר;verb;hитпаэль;стричься
להיספר;ספר;verb;нифъаль;подсчитываться, учитываться
לספר;ספר;verb;пиэль;рассказывать стричь 
לספרת;ספרת;verb;пиэль;оцифровывать, оцифровать
לסקול;סקל;verb;пааль;побивать камнями
לסקל;סקל;verb;пиэль;очистить от камней 
להיסקל;סקל;verb;нифъаль;быть побитым камнями
לסקור;סקר;verb;пааль;обозревать, осматривать составлять обзор
לסקר;סקר;verb;пиэль;делать обзор 
להיסקר;סקר;verb;нифъаль;быть описанным быть опрошенным
לסקרן;סקרן;verb;пиэль;вызвать любопытство, заинтересовать
להסתקרן;סקרן;verb;hитпаэль;любопытствовать, заинтересоваться 
לסרב;סרב;verb;пиэль;отказывать, отказываться
לסרבל;סרבל;verb;пиэль;усложнять 
לסרוג;סרג;verb;пааль;вязать, заниматься вязанием
להיסרג;סרג;verb;нифъаль;быть связанным 
להסריח;סרח;verb;hифъиль;вонять, издавать плохой запах
לסרוט;סרט;verb;пааль;царапать, наносить царапины
להיסרט;סרט;verb;нифъаль;быть поцарапанным
להסריט;סרט;verb;hифъиль;снимать фильм
לסרס;סרס;verb;пиэль;кастрировать искажать, извращать 
להיסרק;סרק;verb;нифъаль;быть прочесанным, быть обысканным быть сканированным
לסרק;סרק;verb;пиэль;расчсывать, причсывать
להסתרק;סרק;verb;hитпаэль;причсываться
לסרוק;סרק;verb;пааль;расчсывать  прочсывать, тщательно искать сканировать
להיסתם;סתם;verb;нифъаль;закупориться, застопориться
לסתום;סתם;verb;пааль;затыкать, закупоривать пломбировать 
להיסתר;סתר;verb;нифъаль;быть скрытым скрыться
לסתור;סתר;verb;пааль;противоречить опровергать
להסתתר;סתר;verb;hитпаэль;прятаться, скрываться
להסתיר;סתר;verb;hифъиль;прятать, скрывать, утаивать заслонять 
לסתת;סתת;verb;пиэль;обтсывать 
לעבד;עבד;verb;пиэль;обрабатывать
להעביד;עבד;verb;hифъиль;давать работу заставлять работать
לעבוד;עבד;verb;пааль;работать, трудиться функционировать
לעבות;עבה;verb;пиэль;утолщать, уплотнять подкреплять
להתעבות;עבה;verb;hитпаэль;толстеть, уплотняться, сгущаться
לעבות;עבה;verb;пааль;быть толстым, грубым 
להעביר;עבר;verb;hифъиль;переводить, переносить, передавать
לעבר;עבר;verb;пиэль;оплодотворять
להתעבר;עבר;verb;hитпаэль;забеременеть
לעבור;עבר;verb;пааль;проходить обгонять переходить, переселяться
לעברת;עברת;verb;пиэль;гебраизировать, ивритизировать
להתעברת;עברת;verb;hитпаэль;гебраизироваться, ивритизироваться
להתעבש;עבש;verb;hитпаэль;плесневеть
לעגוב;עגב;verb;пааль;ухаживать, соблазнять  
לעגל;עגל;verb;пиэль;округлять  делать круглым
להתעגל;עגל;verb;hитпаэль;округляться
לעגן;עגן;verb;пиэль;поставить на якорь
לעגון;עגן;verb;пааль;становиться на якорь, бросать якорь
להתעדכן;עדכן;verb;hитпаэль;получать новейшую информацию
לעדכן;עדכן;verb;пиэль;обновлять, уточнять, давать свежую информацию
להתעדן;עדן;verb;hитпаэль;становиться деликатным
לעדן;עדן;verb;пиэль;делать более деликатным баловать 
להעדיף;עדף;verb;hифъиль;предпочитать
להיעדר;עדר;verb;нифъаль;отсутствовать, пропасть без вести
לעדור;עדר;verb;пааль;окучивать, культивировать
להעיב;עוב;verb;hифъиль;омрачать, заволакивать  
לעוג;עוג;verb;пааль;кружиться  чертить круги 
להתעודד;עוד;verb;hитпаэль;воспрянуть, приободриться
להעיד;עוד;verb;hифъиль;свидетельствовать
לעודד;עוד;verb;пиэль;поощрять, подбадривать
להעיז;עוז;verb;hифъиль;осмеливаться     дерзить
לעוט;עוט;verb;пааль;налетать, набрасываться
לעוות;עוה;verb;пиэль;искажать извращать
להעוות;עוה;verb;hифъиль;искривлять 
להעיף;עוף;verb;hифъиль;запустить в воздух, бросить выбросить
לעוף;עוף;verb;пааль;лететь , улетать
להתעופף;עוף;verb;hитпаэль;порхать, летать
לעופף;עוף;verb;пиэль;летать, порхать
להעיק;עוק;verb;hифъиль;удручать, тяготить, давить
להתעורר;עור;verb;hитпаэль;просыпаться возникать 
להיעור;עור;verb;нифъаль;проснуться, встать 
להעיר;עור;verb;hифъиль;будить делать замечание
לעורר;עור;verb;пиэль;будить возбуждать, пробуждать
להתעוור;עור;verb;hитпаэль;слепнуть
לעור;עור;verb;пааль;проснуться, встать 
לעוור;עור;verb;пиэль;ослепить
להתעוות;עות;verb;hитпаэль;исказиться
לעוות;עות;verb;пиэль;исказить
לעזוב;עזב;verb;пааль;оставлять, забрасывать
להיעזב;עזב;verb;нифъаль;быть покинутым, заброшенным
להעז;עזז;verb;hифъиль;осмеливаться, дерзать
להיעזר;עזר;verb;нифъаль;воспользоваться помощью 
לעזור;עזר;verb;пааль;помогать, содействовать
לעטות;עטה;verb;пааль;окутываться 
להעטות;עטה;verb;hифъиль;окутать 
לעטוף;עטף;verb;пааль;закутывать, завртывать
להיעטף;עטף;verb;нифъаль;быть завернутым
להתעטף;עטף;verb;hитпаэль;закутываться
לעטר;עטר;verb;пиэль;украшать награждать
להיעטר;עטר;verb;нифъаль;увенчаться 
לעטור;עטר;verb;пааль;короновать окружать
להתעטש;עטש;verb;hитпаэль;чихать
לעיין;עין;verb;пиэль;изучать обдумывать
לעיון;עין;verb;пааль;относиться враждебно, ненавидеть
עייף;עיף;verb;пааль;быть усталым, устать, утомиться
להתעייף;עיף;verb;hитпаэль;уставать, утомляться
לעייף;עיף;verb;пиэль;утомлять
לעכב;עכב;verb;пиэль;удерживать, задерживать, препятствовать
להתעכב;עכב;verb;hитпаэль;задерживаться
לעכל;עכל;verb;пиэль;переваривать, усваивать
להתעכל;עכל;verb;hитпаэль;перевариваться
להיעכל;עכל;verb;нифъаль;быть переваренным, усвоенным
להיעכר;עכר;verb;нифъаль;замутниться, быть испорченным
להעכיר;עכר;verb;hифъиль;мутить, портить 
לעכור;עכר;verb;пааль;мутить, взбаламучивать повреждать
להיעלב;עלב;verb;нифъаль;обидеться
להעליב;עלב;verb;hифъиль;оскорблять
לעלוב;עלב;verb;пааль;оскорбить, обидеть 
לעלוז;עלז;verb;пааль;веселиться, радоваться 
להתעלות;עלה;verb;hитпаэль;возноситься, подниматься 
להעלות;עלה;verb;hифъиль;поднимать, повышать закачивать 
לעלות;עלה;verb;пааль;восходить подниматься иммигрировать в зраиль стоить 
להתעלל;עלל;verb;hитпаэль;издеваться, глумиться
לעולל;עלל;verb;пиэль;натворить, совершить 
להיעלם;עלם;verb;нифъаль;исчезнуть
להעלים;עלם;verb;hифъиль;скрывать, утаивать избежать
להתעלם;עלם;verb;hитпаэль;игнорировать 
להתעלס;עלס;verb;hитпаэль;заниматься любовью 
לעלעל;עלעל;verb;пиэль;листать, перелистывать
לעלף;עלף;verb;пиэль;вызвать обморок, отправить в нокаут
להתעלף;עלף;verb;hитпаэль;падать в обморок
לעמוד;עמד;verb;пааль;стоять останавливаться намереваться, собираться
להיעמד;עמד;verb;нифъаль;встать остановиться
להעמיד;עמד;verb;hифъиль;ставить, устанавливать поднимать, ставить на ноги
לעמד;עמד;verb;пиэль;верстать 
להתעמל;עמל;verb;hитпаэль;делать гимнастику, упражняться
לעמול;עמל;verb;пааль;трудиться, работать 
לעמם;עמם;verb;пиэль;делать тусклым
מועם;עמם;verb;hуфъаль;потускнеть, потерять блеск 
לעמום;עמם;verb;пааль;тускнеть, угасать 
להעמיס;עמס;verb;hифъиль;нагружать, обременять
לעמוס;עמס;verb;пааль;нагружать 
לעמעם;עמעם;verb;пиэль;сделать тусклым, притушить
להתעמעם;עמעם;verb;hитпаэль;тускнеть
להעמיק;עמק;verb;hифъиль;углублять, углубляться
להתעמק;עמק;verb;hитпаэль;углубляться
לעמוק;עמק;verb;пааль;быть глубоким 
להתעמר;עמר;verb;hитпаэль;издеваться, глумиться 
להתעמת;עמת;verb;hитпаэль;противостоять, не соглашаться
לעמת;עמת;verb;пиэль;сопоставлять, противопоставлять
לענוב;ענב;verb;пааль;завязывать , надевать галстук
לענג;ענג;verb;пиэль;доставлять удовольствие, восторг
להתענג;ענג;verb;hитпаэль;наслаждаться
לענוד;ענד;verb;пааль;надевать, носить 
לענות;ענה;verb;пааль;отвечать
לענות;ענה;verb;пиэль;мучить, пытать, истязать
להתענות;ענה;verb;hитпаэль;мучиться, подвергаться мукам поститься 
להיענות;ענה;verb;нифъаль;получить ответ , ответить положительно, откликнуться 
לעניין;ענין;verb;пиэль;интересовать, вызывать интерес
להתעניין;ענין;verb;hитпаэль;интересоваться
להתענן;ענן;verb;hитпаэль;покрыться облаками
להעניק;ענק;verb;hифъиль;давать, дарить присуждать, вручать 
להיענש;ענש;verb;нифъаль;быть наказанным
להעניש;ענש;verb;hифъиль;наказывать, карать
לענוש;ענש;verb;пааль;наказать, оштрафовать 
לעסות;עסה;verb;пиэль;массировать, делать массаж
להתעסק;עסק;verb;hитпаэль;заниматься чемлибо, возиться с чемлибо 
להעסיק;עסק;verb;hифъиль;занимать  принять на работу
לעסוק;עסק;verb;пааль;заниматься чемлибо 
להעפיל;עפל;verb;hифъиль;подниматься, восходить преодолевать препятствия, продвигаться
לעפעף;עפעף;verb;пиэль;моргать
להעציב;עצב;verb;hифъиль;огорчать, печалить
להיעצב;עצב;verb;нифъаль;печалиться 
לעצב;עצב;verb;пиэль;формировать, придавать форму, оформлять
להתעצב;עצב;verb;hитпаэль;огорчаться, печалиться формироваться формулироваться
להתעצבן;עצבן;verb;hитпаэль;нервничать, раздражаться
לעצבן;עצבן;verb;пиэль;нервировать, действовать на нервы, раздражать
להתעצל;עצל;verb;hитпаэль;лениться
לעצום;עצם;verb;пааль;закрыть 
להיעצם;עצם;verb;нифъаль;закрываться 
להתעצם;עצם;verb;hитпаэль;усиливаться
להעצים;עצם;verb;hифъиль;усиливать, увеличивать
לעצור;עצר;verb;пааль;остановить задержать, арестовать выжимать оливковое масло
להיעצר;עצר;verb;нифъаль;остановиться быть арестованным
לעקוב;עקב;verb;пааль;следовать, ходить по пятам выслеживать
לעקוד;עקד;verb;пааль;связывать по рукам и ногам
להתעקל;עקל;verb;hитпаэль;извиваться 
לעקל;עקל;verb;пиэль;накладывать арест  искривлять, изгибать
לעקם;עקם;verb;пиэль;сгибать, гнуть искривлять, искажать
להתעקם;עקם;verb;hитпаэль;искривляться извращаться
להיעקף;עקף;verb;нифъаль;быть обогнанным быть избегнутым
לעקוף;עקף;verb;пааль;обходить, обгонять избегать, обходить стороной
לעקוץ;עקץ;verb;пааль;уколоть ужалить говорить колкости
להיעקץ;עקץ;verb;нифъаль;быть ужаленным
להיעקר;עקר;verb;нифъаль;быть выкорчеванным, вырванным с корнем быть высланным
לעקר;עקר;verb;пиэль;кастрировать стерилизовывать
לעקור;עקר;verb;пааль;вырывать с корнем искоренять переселяться, перемещать
להתעקש;עקש;verb;hитпаэль;настаивать, упорствовать
לערוב;ערב;verb;пааль;гарантировать, ручаться вечереть
לערב;ערב;verb;пиэль;впутывать, втягивать 
ערב;ערב;verb;пааль;быть приятным 
להתערב;ערב;verb;hитпаэль;вмешиваться держать пари
לערבב;ערבב;verb;пиэль;смешивать, перемешивать, запутывать
להתערבב;ערבב;verb;hитпаэль;смешаться, перепутаться
להתערבל;ערבל;verb;hитпаэль;смешиваться, перемешиваться
לערבל;ערבל;verb;пиэль;перемешивать вращать
לערוג;ערג;verb;пааль;тосковать, жаждать  
לערגל;ערגל;verb;пиэль;прокатывать, вальцевать 
לערטל;ערטל;verb;пиэль;обнажать 
לערוך;ערך;verb;пааль;организовывать подготовить проводить, устраивать  редактировать
להיערך;ערך;verb;нифъаль;состояться  готовиться к чемулибо быть отредактированным
להעריך;ערך;verb;hифъиль;оценивать ценить, уважать
לערום;ערם;verb;пааль;собирать в кучу, нагромождать 
להיערם;ערם;verb;нифъаль;нагромождаться, копиться
להערים;ערם;verb;hифъиль;перехитрить ставить препятствия, нагромождать трудности
לערער;ערער;verb;пиэль;оспаривать подавать кассацию, апелляцию подрывать, расшатывать 
להתערער;ערער;verb;hитпаэль;сотрясаться, расшатываться
לערוף;ערף;verb;пааль;обезглавить, отсечь голову
לערפל;ערפל;verb;пиэль;затуманивать, делать неясным
להעריץ;ערץ;verb;hифъиль;чтить, обожать, почитать
להיערץ;ערץ;verb;нифъаль;быть уважаемым, почитаемым
לערוק;ערק;verb;пааль;й
